Date,Temp1,FlowC1,Temp2,TempC1,Temp3,TempC2,TempC3,Temp4,PressureC1,Temp5,Temp6,OC1,Temp7,Temp8,TempC9,FlowC2,Temp9,Temp10,FlowC3,FlowC4,Temp11,Temp12,InvTemp1,InvTemp2,InvTemp3,InvPressure1,VapourPressure,Reflux Ratio,Boil-Up Ratio,Reboiler Duty,Condenser Duty,Distillate Purity,Bottoms Purity,Feed Flow Rate,Feed Composition
,599.6557,432.0636,837.4819,559.8904,951.8053,949.8159,640.2278,647.1031,215.0627,948.6743,948.3445,3.1033,1589.2740000000001,982.1428000000001,546.2833,69.9017,920.9071,973.6352999999999,8.6279,10.5988,490.5683,949.6600000000001,461.71090000000004,462.3168,461.8381,4.3524,32.5026,6.181017056809777,0.12342904392883149,266.5865797799998,142.49457527999024,32.5026,-31.5026,78.5296,25.47046861158086
,590.717,487.4029,830.976,559.8997,941.88,939.9828,632.3275,639.1789,205.0999,938.7143000000001,939.2583,4.7408,1542.6095,975.684,557.28,69.69,909.97,964.1845000000001,8.7662,10.756,491.5799,939.9588,461.75210000000004,462.3632,461.89070000000004,4.5497,34.8598,6.993871430621323,0.12578849189266753,279.7294419999997,-265.1471775999362,34.8598,-33.8598,78.4562,27.181506155536464
,577.9366,437.3516,838.1183000000001,559.9784,948.3966,946.674,625.61,632.5962,205.0304,944.8026,945.2829,4.2925,1536.5767,974.2892999999999,548.1667,70.5867,918.4801,968.6697,8.5319,10.5737,489.5865,946.289,461.725,462.3124,461.8496,4.5511,32.1666,6.195949095226156,0.12087121228220049,255.24458635000036,-210.05997348002475,32.1666,-31.166600000000003,79.11859999999999,25.33694769219881
,577.8469,481.8314,837.6728,555.2466000000001,952.8181,950.7837,626.8785,633.9038,205.2561,950.1038000000001,949.4962,4.4558,1538.5817000000002,979.0523000000001,555.0183,70.2167,922.1952,973.8494000000001,8.626,10.6695,490.29290000000003,950.8004000000001,461.7061,462.31550000000004,461.832,4.5464,30.4064,6.862062728667111,0.1228482682894525,264.1531353999996,292.76075864002297,30.4064,-29.4064,78.84270000000001,23.862417959811115
,580.4591,412.6471,837.5571,552.5752,949.9186,948.3341,626.7026000000001,633.6381,205.0883,945.7749,945.2424000000001,3.46,1547.0971000000002,968.3456,542.6233,69.6567,920.4209000000001,970.7648,8.5939,10.4922,489.1677,947.3175,461.7207,462.3163,461.8404,4.5499,30.9238,5.924011616972955,0.12337506657651022,253.50028402999908,219.73458074996435,30.9238,-29.9238,78.2506,24.24119066997569
,581.4629,470.8127,833.918,542.2459,953.3795,951.6102000000001,629.4201,636.0503,203.8242,952.9628,950.7867,4.59,1541.3768,981.5351,553.2333,71.1467,923.5389,974.6306999999999,8.4507,10.4359,489.5106,952.1848,461.7004,462.34200000000004,461.8258,4.5762,30.7826,6.617491745927781,0.11877852381066163,252.17395841999993,1024.5355164700093,30.7826,-29.7826,79.5974,24.35251138353765
,580.5603,493.8452,820.5011,544.6164,940.572,938.8714,629.6678,636.4723,204.1858,937.3716,937.8634999999999,4.1296,1566.4798,973.9884,559.5233000000001,72.6067,905.0466,963.1775,8.4093,10.0906,495.1954,938.6696,461.7577,462.44140000000004,461.9153,4.5687,32.579,6.801647781816278,0.1158198898999679,298.74374621999993,-242.92245387999353,32.579,-31.579,81.016,25.919526940357464
,579.1486,429.058,825.5838,546.2322,940.5835999999999,938.8298,626.6447000000001,633.3203,204.3738,937.9098,937.6089,3.7133,1549.9963,964.8501,545.4933,72.0667,909.4562000000001,960.7179000000001,8.4414,10.1504,490.79740000000004,938.733,461.7574,462.4029,461.8933,4.5648,34.5996,5.953623518212989,0.11713315581260138,262.75883435999873,129.1035522000299,34.5996,-33.5996,80.5081,27.448807385592257
,584.509,414.0616,826.9058,548.612,943.6683,942.0527,631.0844,637.7071000000001,204.1163,943.7609,939.8718,3.09,1586.5311000000002,969.2311,542.3111,71.5083,911.9074,965.0758000000001,,10.2842,491.43080000000003,942.3384000000001,461.7418,462.39300000000003,461.88120000000004,4.5701,34.6329,5.790399156461557,,,1610.3269685599937,34.6329,-33.6329,,
,581.272,505.6681,828.0513000000001,545.547,944.7737,943.2636,629.1863000000001,636.0034,204.151,944.4901,941.9494,4.6217,1547.1491,981.5756000000001,559.6529,71.4267,912.4039,966.1696,8.5193,10.4781,492.03970000000004,943.6192000000001,461.7363,462.38460000000003,461.8788,4.5694,31.8927,7.079538883918759,0.11927332496111398,275.7680371399995,1284.7509416700077,31.8927,-30.8927,79.946,25.202088109223727
,581.5294,498.9423,823.1683,547.9823,939.4261,937.73,627.6632,634.5056,200.0809,938.2281,936.1562,4.6708,,971.7774999999999,559.3183,70.46,906.8347,960.7005,8.4336,10.5086,492.26140000000004,937.8851,461.7611,462.421,461.9063,4.656,33.8014,7.081213454442238,0.11969344308827705,274.8628310400002,1033.758551370014,33.8014,-32.8014,78.89359999999999,26.681666915440545
,580.7889,437.2185,827.0186,555.2791,939.0036,937.4545,627.9873,634.7504,200.0809,937.9677,935.4791,3.52,1558.0601000000001,967.1592,547.0267,69.47,907.3139,961.013,8.3687,10.4978,491.3598,937.4762000000001,461.7629,462.3922,461.9039,4.656,34.8923,6.293630344033396,0.12046494889880525,265.20159239000014,1088.0619591000086,34.8923,-33.8923,77.8387,27.497036692416494
,581.4311,457.8587,829.787,549.1491,942.7018,941.4762000000001,627.1077,633.6277,199.9507,941.3996,939.3972,4.17,1539.962,969.6825,552.2322,69.82,912.6677999999999,964.3871,8.3687,10.4797,489.704,941.2437,461.7465,462.3718,461.8775,4.6588,34.0389,6.557701231738758,0.11986107132626757,251.3455358000009,916.8162608799844,34.0389,-33.0389,78.1887,26.859422852279163
,580.5285,479.9308,829.3358000000001,554.367,941.5501,940.1657,627.89,634.4561,200.104,939.8718,938.7779,3.8525,1555.7858,966.9972,555.2233,69.89,909.293,964.5144,8.3738,10.5319,491.9271,940.0914,461.7515,462.37510000000003,461.89410000000004,4.6555,33.9831,6.86694519959937,0.11981399341822864,270.1145039800003,524.9963021199819,33.9831,-32.9831,78.2638,26.818081619088264
,581.0695000000001,443.2095,829.8738000000001,553.7234,941.9031,940.2143000000001,628.1215,634.9302,200.0895,938.8705,937.6204,3.5983,1575.8111000000001,964.2945,547.7033,69.0,910.5637,963.2643,8.405,10.5133,491.0094,939.6521,461.7534,462.37120000000004,461.8878,4.6558,33.9934,6.423326086956521,0.12181159420289854,263.4076569999996,554.0561959499888,33.9934,-32.9934,77.405,26.71965729604031
,579.4003,493.1683,829.8824999999999,548.6444,945.173,943.6016,627.5336,634.2503,199.8234,942.5282,942.5744,4.2889,1551.4371,969.3063999999999,559.2633000000001,69.1283,914.1712,968.4671000000001,8.4957,10.5103,490.6718,943.4693,461.737,462.37120000000004,461.8702,4.6616,32.7455,7.134101373822299,0.1228975687236631,263.38199226,-22.78437545999946,32.7455,-31.7455,77.624,25.687165094558384
,581.4282000000001,477.226,836.3132,547.9175,950.289,948.8851,628.7789,635.5502,210.035,948.3097,947.3837000000001,5.3433,1516.4733,972.3042,556.3278,69.57,922.3860999999999,970.6664000000001,8.4068,10.4929,487.5729,948.7169,461.7148,462.325,461.8312,4.4498,31.4356,6.859652148914763,0.1208394422883427,234.5740997200004,441.911275999967,31.4356,-30.4356,77.9768,24.765169767417998
,581.081,435.8184,831.4822,547.4823,948.6975,947.4149,629.0822000000001,635.7507,209.9164,946.2668,944.6348,3.4017,1570.9675,968.7739,547.8167,68.38,917.7405,969.8851,8.4657,10.5961,490.627,946.7535,461.723,462.3595,461.85310000000004,4.4521,32.5001,6.373477625036561,0.12380374378473238,262.0726748999999,711.2556287999774,32.5001,-31.500100000000003,76.8457,25.44952341419234
,578.1361,451.9198,828.3638000000001,564.8815,941.0003,939.2627,620.2374,627.4462,211.9356,939.8139,937.3253,5.24,1506.6214,959.6183000000001,549.9633,67.9656,913.4455,959.7398000000001,8.504,10.5697,487.22470000000004,939.3505,461.7547,462.38230000000004,461.87370000000004,4.4124,34.0893,6.649243146532952,0.125122120602187,234.3260192,1124.6476142800088,34.0893,-33.0893,76.4696,26.618529727891868
,580.0396000000001,391.3474,833.9757999999999,566.8446,941.4806000000001,940.2884,624.7744,631.265,250.0772,939.7560000000001,936.5498,4.185,1481.336,939.6170999999999,539.0967,67.2267,918.3238,958.4897000000001,6.4398,7.9745,482.8268,939.5187000000001,461.754,462.3416,461.8503,3.7768,38.5297,5.821309092964552,0.0957922968106422,149.1251606400006,1254.7380338800315,38.5297,-37.5297,73.6665,31.8807167563275
,579.5768,415.0105,829.1969,565.9973,936.3356,934.5766000000001,623.0360000000001,629.7724000000001,249.9297,934.8425,932.4928,5.485,1464.7656,934.5358,545.8667,67.2167,912.6921,953.038,6.2726,7.9064,483.31350000000003,934.5619,461.77570000000003,462.37620000000004,461.8774,3.7789,40.2702,6.174217121637926,0.09331907100467592,148.3062181000001,975.1501718499935,40.2702,-39.2702,73.4893,33.48111488094185
,579.8284,370.8142,835.0115000000001,566.9649000000001,940.1958,938.7556999999999,609.3834,616.7946,249.9239,939.212,935.6469999999999,4.7675,1450.6602,933.0716,534.26,67.5833,918.8273,956.5162,6.4184,7.6372,481.03860000000003,938.4526000000001,461.7586,462.3342,461.84790000000004,3.779,40.087,5.486772619863192,0.09497020713697024,137.15158039999952,1321.9526230000204,40.087,-39.087,74.0017,33.21999016644212
,579.8024,401.9813,830.1371,564.7379,945.9601,944.4304999999999,623.573,630.4575,250.0772,944.5132000000001,941.6138000000001,4.085,1515.9873,964.0514000000001,545.3967,68.3967,918.4454000000001,965.4635000000001,8.0761,9.619,487.1847,944.1294,461.73420000000004,462.3693,461.84970000000004,3.7768,38.8862,5.877203139917569,0.11807733414038983,222.2114686699996,1165.5045812200055,38.8862,-37.8862,76.47279999999999,30.778459997803147
,577.494,296.5038,837.7538,572.2708,956.8634999999999,955.4213,597.9901,601.587,249.9586,952.9628,952.1873,3.0,1560.7336,955.7407000000001,519.1744,68.0333,929.5629,978.4273000000001,6.731,8.2245,486.9706,954.3587,461.6915,462.3149,461.79810000000003,3.7785,35.1761,4.358215756107671,0.09893684416307896,183.76033859999944,229.93869689998976,35.1761,-34.1761,74.76429999999999,28.93234919647479
,578.5209,230.6086,815.0077,573.9283,921.2306000000001,919.3928000000001,603.2585,609.6831,249.9355,918.1402,916.4676,6.2792,1450.5387,918.0997,505.91,66.9233,898.2275,938.4480000000001,6.1028,8.2183,482.67310000000003,918.8078,461.848,462.48420000000004,461.9502,3.7788,50.3194,3.4458641459700883,0.0911909603979481,140.3833186800008,385.71594436002357,50.3194,-49.3194,73.0261,41.99257344565847
,581.541,289.7983,833.8138,575.9932,949.2299,947.6673000000001,612.7422,619.2797,250.0627,945.8096,945.3582,3.4683,1527.9312,951.6722,517.46,67.1367,924.643,969.1732,6.8059,8.1885,484.25690000000003,947.0162,461.7219,462.3428,461.8207,3.777,35.9798,4.316540729586053,0.10137376427497925,167.3359827100001,130.81495262001016,35.9798,-34.9798,73.9426,29.448464320161857
,579.3627,315.5529,826.4198,578.3406,939.8833,938.0101,605.2238,611.0429,249.9326,937.8924,936.5498,2.9792,1537.4447,949.12,522.5600000000001,69.6,914.942,959.3347,6.9986,8.2798,484.6113,938.0839000000001,461.7602,462.3967,461.86650000000003,3.7789,39.6292,4.533806034482759,0.10055459770114943,174.55418217999969,423.6613235399835,39.6292,-38.6292,76.59859999999999,32.47894871290075
,577.6415000000001,306.4695,846.8951,543.5978,962.5177,960.7302,634.8135,641.3696,249.8979,961.5918,959.5141000000001,3.5233,1531.0127,970.0992,521.1967,71.3533,942.8609,981.4713999999999,6.2523,7.9444,479.3268,961.0885000000001,461.6643,462.2525,461.7396,3.7794,30.9402,4.295099175511153,0.08762453873892308,122.90021063999984,636.7516801499804,30.9402,-29.9402,77.60560000000001,26.035366780232355
,585.7384,309.3942,844.9627,579.5305000000001,960.9436000000001,959.3642,634.8853,641.9948,249.9731,958.8138,958.1599,2.8383,1545.7342,967.8074,523.3567,73.0967,939.5938000000001,981.3036,6.453,8.0331,481.01980000000003,959.3204000000001,461.6714,462.2654,461.75370000000004,3.7783,31.2894,4.232669874289811,0.08828031908417207,137.77025939999973,202.31286738000665,31.2894,-30.2894,79.5497,26.294183218541367
,581.3501,301.896,833.7386,567.8353,947.4706,945.1784,635.2001,642.4194,229.9288,942.6612,943.431,2.85,1598.6660000000002,968.5424,522.7767,73.65,923.0042000000001,967.5123000000001,6.2394,7.9683,484.13640000000004,944.6853000000001,461.7318,462.3433,461.8283,4.0879,34.1631,4.099063136456212,0.08471690427698574,152.6556561599994,-232.39954080000967,34.1631,-33.1631,79.88940000000001,28.90489187376548
,572.096,283.7205,844.6619000000001,564.6361,955.3935,953.1614999999999,617.9203,625.2034,249.9326,948.6223,951.8053,3.1667,1522.1589000000001,951.9674,516.85,73.29,935.5592,973.9014999999999,6.3252,7.9622,479.5043,952.2456,461.7001,462.26750000000004,461.7713,3.7789,32.8465,3.8712034383954155,0.08630372492836676,125.4559143599999,-903.082351499998,32.8465,-31.8465,79.6152,27.70682612365478
,577.6907,286.7377,852.5071,566.9233,966.0307,964.2379000000001,608.5524,614.794,250.0772,958.8659,962.5814,2.7567,1573.4414000000002,970.3018,517.2933,73.9567,947.3538000000001,985.1985,6.4447,7.9735,478.3469,962.9290000000001,461.65700000000004,462.2156,461.7205,3.7768,29.5425,3.87710241262793,0.08714153011153825,120.36701742999956,-1065.3739243500058,29.5425,-28.5425,80.4014,24.886605954622684
,578.0957000000001,303.4929,855.883,571.3633,965.3999,963.8258000000001,614.9204,621.4783,249.9384,963.8720000000001,962.2342000000001,3.84,1506.7863,962.1705,519.9300000000001,75.2633,949.2426,983.7574,5.5862,6.9459,475.8272,963.8330000000001,461.6535,462.19390000000004,461.7126,3.7788,28.0671,4.032415533201441,0.07422209762261288,90.25790925999979,497.06067161999096,28.0671,-27.0671,80.8495,24.257668054966324
,594.6888,315.2029,848.5498,572.4097,960.741,958.3941,648.2554,654.9934000000001,249.9384,958.7270000000001,957.3091,3.1817,1552.4527,952.5056,523.3433,75.1133,942.4339,980.5975000000001,5.5567,6.8676,477.9771,958.7927999999999,461.6735,462.24150000000003,461.7414,3.7788,28.0504,4.196366023061162,0.07397757787236083,101.72706256999996,446.92619191004576,28.0504,-27.0504,80.67,24.254954166852606
,587.3526,305.2922,834.3374,571.8865000000001,945.4682,943.5947,632.2025,639.0746,220.0557,943.6625,942.1983,2.8,1548.1994,951.5217,524.5233000000001,73.9567,926.9832,965.7471,6.8085,8.5243,478.15500000000003,943.7309,461.7359,462.339,461.8099,4.2598,30.3515,4.127985699740524,0.09206062466280947,125.8551225000001,447.0088392400016,30.3515,-29.3515,80.7652,25.31854180141943
,580.9161,310.8435,844.3263,570.6966,956.5509999999999,954.3215,633.0011,639.7155,234.9131,954.7569000000001,952.9975,3.1983,1553.3641,955.9780000000001,524.61,74.995,938.2396,975.9965,6.5582,8.4557,477.98130000000003,954.6567,461.69030000000004,462.2697,461.75960000000003,4.0063,29.3428,4.144856323754917,0.08744849656643776,120.08982347999958,546.898053900044,29.3428,-28.3428,81.5532,24.7039421511357
,584.104,350.3939,849.973,567.7844,967.0203,965.1687,640.2533000000001,647.2567,250.0599,965.7760000000001,964.5954,2.925,1582.4427,982.8604,531.6033,75.7567,946.6768,989.0990999999999,6.727,8.599,480.0135,965.6401000000001,461.6464,462.2321,461.7234,3.7771,27.8542,4.625252947924078,0.08879742649825033,136.85072450000044,413.67503834000934,27.8542,-26.8542,82.4837,23.392428682757924
,589.4904,330.5261,791.9636,569.4836,902.3175,899.9327000000001,637.457,644.6127,250.0396,898.6946,898.9492,2.9383,1597.1643000000001,925.8432,525.83,74.04,872.4716000000001,924.6625,6.4536,8.4998,489.5158,899.9735000000001,461.94120000000004,462.67940000000004,462.09250000000003,3.7774,64.2744,4.46415586169638,0.08716369529983792,192.61350023999944,-84.1519450599941,64.2744,-63.2744,80.4936,54.04813436298041
,608.8838000000001,311.8531,807.3678,576.9377000000001,923.8986,921.7035000000001,647.5564,654.5662,245.2028,919.8764,920.5593,3.0672,1597.5636000000002,938.1007999999999,523.0467,74.6633,898.1754000000001,946.2668,6.3794,8.4771,485.39320000000004,921.5094,461.8353,462.5461,461.95050000000003,3.8477,50.3172,4.17679234644062,0.08544224538695717,164.0985820799994,-212.96448199000554,50.3172,-49.3172,81.04270000000001,42.47432591806541
,604.2611,319.3194,808.6898,578.4008,919.3613,917.6332,645.6675,652.8131000000001,245.3851,915.177,916.5891,3.1017,1576.054,929.194,523.63,73.95,896.0227,940.5952,5.5229,7.4793,483.0086,917.1901,461.8557,462.53520000000003,461.9617,3.845,48.8601,4.31804462474645,0.07468424611223799,128.89675394000022,-450.910924740003,48.8601,-47.8601,79.47290000000001,42.13861390121664
,606.153,297.9734,811.8401,577.7341,925.2760000000001,923.0556,648.1513,655.0716,250.245,921.3985,921.4793999999999,3.0058,1573.8145000000002,933.5114000000001,519.91,74.44,902.1856,946.1106,5.5196,7.5691,482.76030000000003,922.8024,461.8292,462.5095,461.9298,3.7744,48.4691,4.002866738312735,0.07414830736163353,127.44977184000024,-24.106048059978754,48.4691,-47.4691,79.9596,41.84649947773626
,617.6953,296.3939,819.4713,577.9471,934.2753,932.4743000000001,655.7784,662.6207,250.3839,930.8087,931.2659,2.7733,1569.8739,943.1474000000001,523.9300000000001,73.2733,910.595,957.367,5.8263,7.8722,483.35040000000004,932.2061,461.7862,462.4493,461.8877,3.7724,42.5255,4.045046422093723,0.07951463902949642,137.96853188999992,-135.5112910799832,42.5255,-41.5255,79.09960000000001,36.334490926629215
,579.9326,284.0243,824.1403,574.3542,925.4438,923.5071,622.5915,628.0219,250.083,918.6031,921.7283,6.3021,1446.8844,924.1995,516.33,73.2867,907.1264,944.7447,5.4418,7.5245,477.98740000000004,922.3206,461.8315,462.4137,461.9049,3.7767,42.5123,3.8755231167456032,0.07425358216429448,99.67962732000011,-887.6327423599857,42.5123,-41.5123,78.7285,36.70442777736144
,581.3067,265.7736,828.6241,573.3403000000001,932.6896,930.8096,621.7929,628.2668,249.9528,930.2184,928.8294000000001,6.9614,1443.5338,931.2196,513.0767000000001,72.8033,915.9212,949.9244,5.4378,7.4291,476.43850000000003,930.6368,461.7933,462.3804,461.8618,3.7786,39.8345,3.650570784566084,0.07469166919631391,91.18320552000023,369.1595303999724,39.8345,-38.8345,78.24109999999999,34.36696071182537
,581.5786,281.5538,822.5811,574.4793,926.4682,924.7782,629.1933,636.303,250.0743,923.9507000000001,922.2781,5.1183,1467.3002,921.5721000000001,515.9467,74.1333,907.1055,946.1105,5.7686,7.9803,479.0326,924.3688,461.8219,462.4255,461.90500000000003,3.7769,42.5989,3.7979396573469684,0.07781388390912046,111.69567122000011,470.9268858800288,42.5989,-41.5989,79.90190000000001,36.52015307308086
,580.6326,325.0876,822.4364,572.9931,937.7130999999999,935.9102,627.3044,634.1904,249.9384,935.7743,934.5473,3.0267,1579.2485000000001,946.9902,525.5483,74.4733,914.1434,959.5545999999999,7.7234,10.5071,483.2396,935.9862,461.7694,462.4266,461.87030000000004,3.7788,40.6399,4.3651563714781005,0.10370696612074395,182.0382209799992,398.882485200029,40.6399,-39.6399,82.19669999999999,33.09661654312156
,615.1467,396.0742,832.4253,579.174,953.6573000000001,951.5871,654.5701,661.4172,250.0165,949.8029,950.9083,3.6967,1590.8798000000002,974.3877,538.955,76.1967,930.3198,977.7328,7.5952,9.2575,483.0074,951.4889000000001,461.7033,462.3527,461.79470000000003,3.7777,31.4028,5.1980492593511265,0.09967885748332933,177.2529800000007,-437.8204206800125,31.4028,-30.4028,83.79190000000001,25.800517522576765
,583.5746,291.7943,835.1677,572.5393,946.6372,944.5787,637.9408000000001,644.8498,250.0772,944.1776,942.4066,3.6333,1578.8492,952.0947,517.5167,74.6033,926.1568,967.4428,6.1475,7.5383,480.1503,944.45,461.7328,462.3331,461.81370000000004,3.7768,35.7244,3.911278723595337,0.08240252106810288,125.90325900000019,516.7677052999878,35.7244,-34.7244,80.7508,30.36118380895298
,578.2866,287.9382,833.3018,572.0717,938.2397000000001,936.5145,626.5475,633.6486,249.9152,937.2384999999999,934.7152000000001,5.8925,1462.5174,932.3597,517.3133,73.5117,921.9695,956.7825,5.4782,7.2405,475.9402,936.677,461.76640000000003,462.3464,461.8331,3.7791,37.9229,3.9169030236003244,0.07452147073186989,89.13140964000026,726.5544600599526,37.9229,-36.9229,78.9899,32.73210647373905
,581.2257,235.2863,840.4239,574.7478,944.7794,943.1525,620.4226,626.5397,249.9384,940.3637,940.1438,6.1183,1452.2921000000001,927.4694,506.55,73.1467,929.3616,963.7794,5.1038,7.2611,475.0879,942.1098,461.7428,462.2964,461.7991,3.7788,34.2886,3.2166358837787628,0.06977484971980964,78.68936764000028,51.73945736998558,34.2886,-33.2886,78.25049999999999,29.880953871732448
,601.6113,318.6656,841.1558,574.8172,955.0983,952.7146,651.5054,658.5413,250.4706,951.053,950.8909,3.5767,1570.7592,960.1739,523.3933000000001,74.9833,934.4932,974.9432999999999,5.5092,7.4051,480.2751,952.4392,461.6993,462.29130000000004,461.776,3.7712,27.9127,4.24982096013379,0.07347235984545893,113.51761691999997,51.65569376000301,27.9127,-26.9127,80.4925,24.160249850234493
,618.9768,307.1233,839.1077,579.4749,953.5878,951.2606000000001,657.7599,664.7932000000001,250.6326,952.0947,949.4209000000001,3.5067,1583.9617,959.0164,520.5133000000001,73.6933,933.6218,973.6005,5.5892,7.762,479.6361,951.591,461.7028,462.3055,461.7799,3.7689,32.2779,4.167587826844503,0.07584407266332217,111.59396720000005,821.1862795399737,32.2779,-31.277900000000002,79.2825,27.79738945404093
,578.7813,265.4525,807.741,570.9559,912.9603999999999,911.2591,608.7607,615.0415,249.9239,905.5931,908.3710000000001,8.5017,1424.9322,908.3595,512.44,72.5883,892.4083,930.3515,6.2977,8.4987,480.22220000000004,909.5459000000001,461.8928,462.543,461.9809,3.779,53.1295,3.6569598681881237,0.08675916091160696,129.43096016999925,-737.4004997500119,53.1295,-52.1295,78.88600000000001,44.726366309611336
,591.2232,366.4171,830.6722,565.8954,953.9871,952.3118,640.2185,647.3037,250.0772,952.2336,951.3134,3.0006,1620.757,972.0264,533.8967,75.0167,928.1359,975.8344999999999,7.3753,10.0721,485.5213,952.4615,461.6993,462.3654,461.8046,3.7768,34.6087,4.884473723850823,0.09831544176163441,190.66035536000047,337.1770154200083,34.6087,-33.6087,82.392,28.502235898873675
,579.6722,315.955,816.3268,561.835,935.0856,933.4467,623.4572000000001,630.1371,250.0772,932.7591,931.6247000000001,2.8517,1589.7254,944.2470000000001,525.0167,73.5133,909.2409,955.6829,7.6934,10.6607,485.5147,933.229,461.7817,462.47380000000004,461.89430000000004,3.7768,42.9974,4.29792976236953,0.10465317160296163,198.8336149799999,358.41935199997283,42.9974,-41.9974,81.2067,34.94512113236962
,600.2054,379.3017,820.2003,560.0386,942.887,941.3812,644.5379,651.1355,250.0627,942.4182000000001,940.7051,2.9967,1632.3624,973.4385,535.73,75.7833,915.8656000000001,965.7008000000001,7.7128,10.5388,486.69140000000004,941.8479,461.7439,462.44370000000004,461.862,3.777,39.8422,5.0050829140457065,0.10177440148423202,208.4106539199989,649.7817422700205,39.8422,-38.8422,83.4961,32.57387201438151
,580.1177,286.6509,825.361,560.2562,929.3677,927.8159,624.279,630.0329,246.7765,917.5441000000001,925.9589000000001,5.6133,1484.3480000000002,925.3107,516.6433000000001,77.17,911.6505,946.7645,5.2689,7.4643,477.3872,925.1716,461.8182,462.40450000000004,461.8825,3.8245,41.4156,3.7145380329143447,0.06827653233121679,93.35015508000026,-2412.109993320004,41.4156,-40.4156,82.4389,36.18553980171981
,577.5113,262.8287,842.0728,558.9135,949.8318,948.1419000000001,594.7471,600.8368,249.9384,936.6945000000001,945.6012000000001,6.7333,1451.2678,938.2281,511.9483,76.6467,933.5210999999999,966.3664,5.3659,7.4093,475.9807,945.0674,461.7302,462.285,461.78040000000004,3.7788,36.1824,3.429093490000222,0.07000823257883249,87.52158513000059,-2340.9363822900004,36.1824,-35.1824,82.01259999999999,31.513161610776883
,607.3564,255.8397,849.1399,561.8026,958.1309,956.4956,643.6259,650.4165,249.6925,945.9717,954.5543,6.3756,1469.5484000000001,945.1498,510.5367,75.9433,943.6491000000001,975.2674,5.2562,7.5872,474.15180000000004,953.7881,461.6938,462.23760000000004,461.7362,3.7823,29.1776,3.3688251629834367,0.0692121622315596,76.11923715999951,-2195.769809219989,29.1776,-28.1776,81.1995,25.464887455710933
,587.4336000000001,250.7859,843.3774000000001,561.2933,948.1766,946.7088,636.2232,643.365,250.4041,935.1145,943.703,6.5833,1456.2243,931.7578000000001,510.2022,77.01,932.2538,965.0353,4.7629,6.7258,475.59290000000004,943.4257,461.73720000000003,462.2762,461.786,3.7722,33.3462,3.256536813400857,0.061847811972471106,75.83870412000024,-2153.8747021499885,33.3462,-32.3462,81.7729,29.519916084913223
,586.8493,294.881,842.0930000000001,560.4738,945.6881000000001,943.9397,634.2672,641.0518,250.9335,934.6284,942.6555000000001,6.8217,1441.1901,937.6610000000001,518.9717,77.775,929.2296,962.7666,4.9781,6.9966,476.12850000000003,941.7279000000001,461.74440000000004,462.2849,461.79970000000003,3.7646,34.0628,3.7914625522340075,0.06400642880102861,81.93205885000036,-2367.0392751000054,34.0628,-33.0628,82.7531,30.024788742899062
,583.0597,318.9896,829.7927999999999,560.9461,931.1907,929.6890000000001,630.5844,637.6471,250.9422,927.5157,928.2044000000001,5.6997,1462.7777,924.46,522.9733,78.37,912.9907000000001,948.3503000000001,4.7432,6.8961,477.87,929.1499,461.8,462.3718,461.8759,3.7645,40.4772,4.070302411637106,0.06052315937220875,86.32623999999967,-219.6881375200127,40.4772,-39.4772,83.1132,35.91427004326629
,579.5999,265.4033,832.9084,559.5015000000001,932.0704000000001,930.6683,622.1193000000001,628.5351,250.2074,927.0932,927.672,6.8317,1428.6734000000001,912.3007,512.77,76.6467,915.5184,948.8537,4.617,6.8007,476.22200000000004,929.376,461.79900000000004,462.3493,461.8637,3.775,40.0652,3.4626839772619045,0.06023742705165389,76.42058400000009,-153.6154300400003,40.0652,-39.0652,81.2637,35.56940351522266
,579.9528,286.5352,848.463,558.0014,954.7916,953.3398,601.1197,607.1668,250.0772,947.8931,952.0658000000001,6.01,1455.3909,938.3265,517.2733000000001,81.3,939.5451,972.0322000000001,5.4017,7.507,474.91650000000004,952.0225,461.7011,462.2421,461.75390000000004,3.7768,31.9529,3.5244182041820418,0.06644157441574416,82.35701904999983,-1195.625429040022,31.9529,-30.9529,86.7017,28.033735094813597
,581.0145,282.0398,841.1731,557.4134,946.2436,944.8426,610.4991,616.7165,249.9384,937.7882999999999,942.123,6.965,1430.7219,932.3134,516.3033,76.9275,930.1185,962.836,5.4045,7.4689,475.7952,942.7494,461.74010000000004,462.2912,461.79560000000004,3.7788,34.4621,3.6663065873712264,0.07025446036852881,87.14810294999985,-1222.5579210600315,34.4621,-33.4621,82.332,30.003367807170964
,580.4735000000001,303.8371,843.1170999999999,558.5617,948.3908,946.7088,609.7005,615.7839,249.9152,941.2376,945.2656,6.765,1429.5066,934.7326,520.52,77.4967,932.5454,965.3709,5.3905,7.4477,475.5153,945.4007,461.72880000000004,462.2779,461.78470000000004,3.7791,33.3491,3.9206456532987857,0.0695578005256998,85.41462870000022,-1223.8558387999717,33.3491,-32.3491,82.8872,29.07647229511915
,588.2205,277.1597,838.0576000000001,559.9275,941.0466,939.9295999999999,622.904,629.7125,231.705,933.8181999999999,938.0024000000001,6.4867,1432.2843,923.1694,515.0067,76.5433,926.2923000000001,958.5708,5.434,7.4735,474.4243,938.1992,461.7597,462.31280000000004,461.8131,4.0584,33.3213,3.6209531075874697,0.0709924970572212,80.1748661999997,-1159.6916167400404,33.3213,-32.3213,81.9773,28.970072423585556
,617.4870000000001,304.3838,835.7751000000001,561.0572,945.3582,943.8193,671.0722000000001,676.5936,225.8731,939.6287,942.5918,6.06,1461.6233,939.4551,520.11,79.545,932.4725000000001,962.6393,5.5475,7.5284,472.5557,942.8495,461.7396,462.3288,461.785,4.1568,32.6827,3.8265610660632348,0.06974039851656295,71.48342074999961,-901.9196377800165,32.6827,-31.682699999999997,85.0925,28.4864775773423
,580.4215,285.6703,817.7239999999999,557.594,922.3244,920.944,612.7792,618.7327,249.9152,914.28,919.0372,5.2392,1472.9857,913.3251,516.61,78.3067,902.1474000000001,940.9135,6.5192,9.0181,479.84700000000004,919.1464000000001,461.8464,462.4629,461.93,3.7791,42.5107,3.6480952460006613,0.08325213551330855,131.5378983999994,-1358.9907511600034,42.5107,-41.5107,84.8259,36.05332895082752
,580.7686,281.7448,829.5527,555.492,937.9098,936.2945,617.4689000000001,623.7446,250.1929,930.9534,934.1016999999999,2.6883,1534.6757,922.6543,519.03,73.8,918.8828000000001,956.2269,6.3976,9.04,478.697,934.8149000000001,461.7746,462.3736,461.8476,3.7752,38.3497,3.817680216802168,0.08668834688346884,121.72713519999955,-887.0171538399857,38.3497,-37.3497,80.1976,32.31093473221144
,570.6959,342.1754,839.4317000000001,553.5614,956.6378,955.1666,598.5364,604.0591000000001,250.3549,951.1803,953.1306,2.8067,1562.1572,943.7609,527.33,74.5267,933.8996,977.154,7.4773,8.9751,482.4082,954.0288,461.69280000000003,462.3032,461.7787,3.7729,34.2811,4.591312912016767,0.10033048558436103,170.02034286000003,-667.3446826199898,34.2811,-33.2811,82.004,28.120634192722314
,579.8053,330.4827,837.8753,558.2283,952.6156000000001,950.9967,628.8738000000001,635.4095,249.9384,947.7136,949.8376000000001,5.0133,1539.1893,954.0391999999999,526.3867,75.0367,932.6288,972.9176,6.7535,9.0276,479.65680000000003,950.2909,461.70820000000003,462.3141,461.78430000000003,3.7788,32.4759,4.404280838576324,0.09000262538197976,134.9808538000009,-701.9452548000079,32.4759,-31.475900000000003,81.7902,27.195334830823256
,580.0049,351.632,827.9646,555.8254000000001,948.2171000000001,946.1369,617.9574,623.3747000000001,249.8226,942.3024,945.1614,5.1442,1544.0156000000002,948.4718,529.2233,74.61,924.0979,968.7913000000001,7.5845,10.3899,483.7892,945.4545,461.7285,462.3852,461.82320000000004,3.7805,36.5374,4.712933923066613,0.10165527409194479,182.9320724000007,-1005.3158879999731,36.5374,-35.5374,82.1945,29.886695626836342
,596.3087,367.0709,824.5742,563.9648,945.5607,944.53,637.8181,644.5867000000001,250.0772,940.3637,942.5918,3.8083,1591.6438,955.9664,535.6633,75.4533,920.3237,966.7888,7.7038,10.5603,484.90700000000004,943.2616,461.7379,462.41040000000004,461.8408,3.7768,35.7014,4.864875359990882,0.10210023948588068,194.42080059999975,-817.8706722900148,35.7014,-34.7014,83.1571,29.179177716635138
,577.6183,338.8169,820.7268,559.7330000000001,932.7244000000001,931.3212000000001,602.4646,609.2455,250.0772,927.4752000000001,929.2402999999999,4.55,1519.4072,929.1188,534.0333,74.2267,908.293,951.0761,7.3409,10.4816,484.10130000000004,930.1903,461.7953,462.43960000000004,461.899,3.7768,40.4562,4.564622972596115,0.09889837484355361,179.3484642600004,-598.0457101899483,40.4562,-39.4562,81.5676,33.26426426620373
,591.579,330.4191,830.3078,562.9693,948.5296000000001,947.0607,635.2209,641.8802000000001,250.1929,942.1983,946.261,3.7925,1558.5289,959.2768000000001,526.7367,78.3867,925.1534,969.3006,7.4312,10.3331,483.04630000000003,946.0124000000001,461.7262,462.3681,461.8183,3.7752,35.6782,4.21524442284214,0.0948017967333744,173.71321744000028,-1342.3936775699835,35.6782,-34.6782,85.81790000000001,29.58585236996011
,583.5255,251.8765,830.0561,562.7517,951.5159,950.2604,627.5521,633.6928,250.0772,948.466,948.547,3.7975,1568.1898,957.0487,510.0983,81.17,926.688,970.7358,7.2893,10.5571,484.4979,949.6973,461.71070000000003,462.36990000000003,461.81120000000004,3.7768,34.6668,3.103073795737341,0.08980288283848713,180.97801146999998,-20.40199650000435,34.6668,-33.6668,88.4593,29.03591539566784
,573.1547,243.4209,833.5361,556.7051,953.0438,951.2722,592.8976,599.3051,249.9384,950.5321,949.8376000000001,3.875,1557.8518000000001,959.5257,509.12330000000003,77.7967,928.3234,971.4997000000001,7.56,10.49,484.3904,951.1714,461.7046,462.3448,461.8038,3.7788,35.8379,3.1289360602699086,0.09717635838023977,186.8862240000003,169.05581504998736,35.8379,-34.8379,85.3567,29.57817993115947
,575.7988,286.5381,846.7591,558.6589,971.5113,969.8248000000001,595.2934,601.4333,250.1004,964.9542,968.8202,3.01,1608.7784000000001,980.8927000000001,516.3867,81.1033,946.9440999999999,990.7659000000001,7.8242,10.5769,484.23720000000003,968.7776,461.6342,462.2534,461.72220000000004,3.7765,27.9961,3.533001739756582,0.0964720301146809,192.21868624000055,-1107.7562945999957,27.9961,-26.9961,88.92750000000001,23.157664518962076
,580.3868,273.7982,854.2775,561.1359,976.2396000000001,974.8281,606.0131,611.6681,249.8226,973.9652000000001,973.6237000000001,3.0333,1600.6538,985.6731,514.9733,80.71,954.3951999999999,995.662,7.4611,9.9157,481.5145,974.6641999999999,461.6118,462.2042,461.6913,3.7805,25.9983,3.392370214347665,0.09244331557427829,162.98325284000134,93.50208529999901,25.9983,-24.9983,88.1711,21.682932127080186
,581.972,208.6378,855.3537,563.0017,971.5461,970.1697,629.8715,636.2066,249.5449,968.1373000000001,967.9637,2.9717,1581.6268,965.6949999999999,501.7533,79.7233,951.9057,988.694,6.6026,8.9803,479.3104,969.4542,461.6316,462.19730000000004,461.7015,3.7844,27.9127,2.6170241322173067,0.08281895004346283,129.67770504,36.2195220800164,27.9127,-26.9127,86.32589999999999,23.71940243762301
,580.8265,226.2029,846.817,563.0804,963.1023,962.0268000000001,625.0082,631.6845000000001,250.0772,960.2607,960.1507,2.9942,1567.4608,959.8093,504.9133,78.855,941.7742000000001,982.0328,6.7049,8.9256,480.9981,961.3851,461.6632,462.25300000000004,461.74420000000003,3.7768,30.0126,2.8685929871282734,0.08502821634645868,143.00277768999968,24.882319000003086,30.0126,-29.0126,85.5599,25.387091280611592
,581.1881000000001,227.9588,848.8824999999999,562.9415,964.6996,963.1636000000001,613.4458,619.9779,250.0772,962.7493,961.8059000000001,3.11,1557.5567,961.8349000000001,505.5233,81.08,944.6908000000001,981.8244,6.5239,8.9235,479.6788,963.1046,461.6564,462.2393,461.7318,3.7768,30.3107,2.8115293537247164,0.0804625061667489,130.5354103199997,215.0563319199734,30.3107,-29.3107,87.6039,25.87066877467784
,574.0747,281.603,866.4100000000001,559.8349000000001,987.7507,986.0620000000001,578.884,584.2694,250.2161,984.4576999999999,984.9843000000001,3.05,1595.8623,987.2240999999999,517.1233,80.5233,966.9849,1006.8027999999999,6.8928,9.0651,480.43580000000003,985.8136999999999,461.5706,462.1286,461.6412,3.7748,27.0864,3.4971616910881695,0.08560006855158693,143.1345062400001,-148.2921398000406,27.0864,-26.0864,87.4161,22.893700075844155
,580.6182,221.8868,852.6286,563.5527,971.8181,970.5772,625.4457,631.9085,249.9384,964.6996,968.4498000000001,3.1067,1596.9473,965.0468000000001,505.18,79.62,950.4301,991.4778000000001,6.7671,8.9587,481.058,968.8862,461.6338,462.2148,461.7077,3.7788,27.3021,2.7868224064305447,0.08499246420497363,144.73473479999947,-832.119877360014,27.3021,-26.3021,86.3871,23.103035766798516
,581.1562,260.7545,840.7103,563.2934,956.4179,954.9212,624.242,630.6841000000001,249.9384,950.6478,953.5878,3.02,1577.5905,960.7642000000001,511.4767,80.6967,934.7085,976.2628,7.16,9.0148,481.37940000000003,953.8937000000001,461.6934,462.2944,461.7751,3.7788,30.7549,3.231290746709593,0.08872729615957034,155.43930400000053,-766.6182300000143,30.7549,-29.7549,87.8567,25.82357241769837
,580.6645,185.2437,843.2675,560.0664,957.0545,955.8172,614.0477000000001,620.392,250.0772,949.5367,953.4258,3.5483,1522.0286,936.2141,496.6933,76.78,936.0522000000001,975.4640999999999,6.6423,8.9245,480.67220000000003,953.9585,461.6931,462.2769,461.7692,3.7768,31.901,2.4126556394894503,0.08651081010679863,139.50357728999919,-720.4312736699972,31.901,-30.901,83.4223,26.900541793980743
,580.4967,260.7372,855.4751,558.3116,975.6493,974.2053000000001,607.6658,614.1115,250.0772,973.1376,972.7036,3.0133,1575.8979000000002,972.5646999999999,512.59,80.46,954.7909999999999,994.7650000000001,6.8126,9.0089,480.5283,973.9239,461.6146,462.1965,461.6897,3.7768,26.0273,3.2405816554809843,0.08467064379816058,142.09925458000066,113.15994479999192,26.0273,-25.0273,87.2726,22.04191893011094
,589.1404,261.443,854.1647,563.2934,970.3249000000001,968.725,620.2004,627.1388,250.0772,968.6582000000001,967.4312,2.9089,1560.8812,969.26,513.2433,79.3533,949.9787,988.4626000000001,6.9175,9.0361,480.0162,968.7848,461.6342,462.2049,461.7095,3.7768,26.087,3.294670795039399,0.08717343828170977,140.74483850000047,320.7905610000233,26.087,-25.087,86.27080000000001,21.983686422288883
,603.4366,265.9587,848.3762,563.2703,969.0228,967.0464,639.6722,646.0689,249.5449,966.9219,965.8166,3.0367,1568.0683000000001,965.5445,512.1267,79.5867,947.0309,987.4035000000001,7.0671,9.0103,481.6618,967.2019,461.6403,462.24260000000004,461.7219,3.7844,28.2905,3.3417480558937616,0.08879750008481317,155.4189564899999,293.96415111001505,28.2905,-27.2905,86.65379999999999,23.75755989696932
,587.0518,238.0142,830.9499000000001,544.0423000000001,943.5178000000001,941.9277,623.6610000000001,629.7047,236.4695,940.0801,940.0396000000001,2.985,1539.1286,932.8285000000001,507.96000000000004,78.2167,920.8619,960.6947,7.0238,8.929,482.3259,941.3913,461.7459,462.3634,461.8383,3.9814,33.7396,3.0430099965864064,0.08979923724728861,159.1305104200006,9.639575099988527,33.7396,-32.7396,85.2405,28.261727334307054
,592.9531,285.5256,852.5418999999999,544.4404,972.9987000000001,971.7256,642.5565,648.9135,235.6595,968.9012,970.5333,3.56,1585.0555000000002,979.3474000000001,517.3100000000001,75.1933,949.8607,993.2371,7.3508,8.9902,482.808,971.0397,461.6255,462.2154,461.71000000000004,3.9943,26.6229,3.797221294982399,0.09775870988505625,170.08281040000108,-466.0063317600105,26.6229,-25.6229,82.54409999999999,21.97025460632559
,605.6554,175.9578,846.1372,579.7759,950.127,948.7208,647.1999000000001,653.7118,252.1138,947.8583000000001,946.2552000000001,5.5383,1450.8078,926.2888,495.04,70.85,931.1219000000001,965.1451999999999,5.8018,7.4652,478.67510000000004,948.2402999999999,461.71680000000003,462.2575,461.79110000000003,3.748,42.9009,2.483525758645025,0.08188849682427665,110.26378917999916,282.07794918000707,42.9009,-41.9009,76.6518,36.48222381444402
,604.1193000000001,248.4804,829.7726,590.8089,949.2299,947.5423000000001,642.7787000000001,649.4631,249.6606,947.0481,946.2842,3.4517,1567.8427000000001,957.7257999999999,510.4633,71.3,921.2786000000001,967.5123000000001,8.1645,10.5535,487.6214,947.5261,461.7198,462.372,461.8363,3.7828,37.1997,3.484998597475456,0.11450911640953718,228.20838884999958,189.81417755998046,37.1997,-36.1997,79.4645,29.6583525895211
,604.0499,286.7695,828.5547,548.649,950.7983,949.0611,648.1119,654.6704,250.3318,946.9787,947.2275,3.4783,1601.9819,960.1623,518.41,71.84,920.0876000000001,969.5436,8.1923,10.5005,490.3807,948.5164,461.7156,462.3809,461.8419,3.7732,37.0776,3.991780345211581,0.11403535634743873,251.59126760999976,-71.34825159998857,37.0776,-36.0776,80.0323,29.589256606645062
,616.7811,339.0975,832.0087000000001,546.1211000000001,956.441,955.0369000000001,652.7785,659.4166,249.9384,952.5808,954.3228,2.9767,1598.5272,971.6444,527.77,72.9433,927.6498,974.8100999999999,8.2028,10.4487,488.4612,954.5954,461.69050000000004,462.3557,461.8068,3.7788,34.8119,4.648781999169218,0.11245446805943796,236.16845536000002,-590.7078450000256,34.8119,-33.8119,81.14609999999999,27.87493930022515
,609.6619000000001,277.8655,841.2773,549.4315,956.331,954.7822,650.2253000000001,657.0565,239.802,954.2476,953.5878,3.1317,1560.1174,956.8808,514.4300000000001,72.3333,933.9412,972.4373,7.4199,9.6554,482.0598,954.7372,461.6899,462.2905,461.7785,3.9293,32.7257,3.8414602956038233,0.10257930994438247,166.13007702000027,183.3356569000051,32.7257,-31.725700000000003,79.75319999999999,26.72941467401935
,606.7142,263.2742,854.1676,547.561,967.0145,964.9719,647.5147,656.1109,240.3574,964.8443,964.3813,4.7383,1486.1535000000001,964.5028,513.4467,72.5217,946.6386,981.3903,7.2327,9.0164,480.046,965.303,461.64770000000004,462.2049,461.7235,3.9207,27.4437,3.6302816949961185,0.09973152863211977,147.37277193000003,121.8959545999909,27.4437,-26.4437,79.75439999999999,22.55680475685354
,607.2493,297.1403,845.6483000000001,544.158,965.1394,963.9161,641.7926,647.1057000000001,238.8531,959.5893000000001,961.4702,4.1217,1532.2279,956.7188000000001,519.5833,73.6267,941.2048,981.8765000000001,7.0102,9.0136,483.6046,962.5288,461.65860000000004,462.2608,461.74670000000003,3.944,29.7374,4.035768274280934,0.09521274211665062,167.78633292000032,-558.8911902699654,29.7374,-28.7374,80.6369,24.65387071055559
,579.9355,216.8331,842.7352000000001,542.1533000000001,949.0563,947.3756000000001,618.6333,624.9377,239.9408,945.7401,944.4322,5.8967,1437.2581,929.003,503.5133,71.2678,929.8268,963.3164,5.5122,6.9492,478.8995,946.6510000000001,461.7235,462.2805,461.7969,3.9272,32.4644,3.0425114848501007,0.07734488787362596,105.99684989999953,283.5960114900039,32.4644,-31.464399999999998,76.78,27.874815064339668
,602.7568,370.6435,857.2831,550.2232,986.0202999999999,984.4829,650.6929,657.1086,239.9495,982.2932000000001,983.7632000000001,2.9711,1638.8726000000001,999.4238,535.35,73.6267,956.4715,1005.4774,8.0423,9.9873,489.2188,984.1399000000001,461.5767,462.185,461.6829,3.927,25.156,5.034090893656785,0.10923075460396839,237.6403142399993,-544.8459450000101,25.156,-24.156,81.669,20.300033873317904
,579.5999,337.3387,844.8296,541.9264000000001,964.3002,962.5894000000001,620.0152,625.9327000000001,239.7181,960.0350000000001,961.6844000000001,3.0317,1557.9126,962.6046,526.11,73.1467,938.2709,980.3313,8.1132,9.9693,485.6994,962.1523,461.6601,462.2663,461.7594,3.9306,29.3943,4.611810238876122,0.11091682878380024,211.18091676000031,-556.4064517800048,29.3943,-28.3943,81.2599,23.62453570641854
,579.6925,328.1627,849.7995000000001,549.3111,967.8364,966.3379,619.2235000000001,626.3287,240.1838,962.8592000000001,964.5201999999999,3.02,1564.7612000000001,965.6719,525.35,72.9233,942.5242000000001,984.1278,7.9726,9.9804,484.98220000000003,965.3884,461.6474,462.23330000000004,461.74100000000004,3.9234,29.0456,4.500107647350024,0.10932856850965329,201.8040457199997,-545.0782446999444,29.0456,-28.0456,80.8959,23.41904412856523
,580.4533,342.2709,844.0023,542.394,966.7541,964.9093,632.5914,639.3169,239.9235,958.7617,964.1614,2.9883,1583.3281000000002,970.3712,528.9300000000001,72.97,939.4236000000001,983.4391,7.8849,10.0917,487.0005,963.6466,461.6542,462.2719,461.75440000000003,3.9274,29.6302,4.69057009730026,0.10805673564478553,215.49825944999932,-1848.160178729979,29.6302,-28.6302,80.8549,23.948696121323508
,602.0857,396.6354,843.6754000000001,550.4177,969.5494,967.9285,647.0101,653.6362,239.0556,964.1845000000001,967.3386,3.0622,1615.6097,985.5515,539.6700000000001,76.4317,938.9965,986.952,7.8622,9.9205,490.22290000000004,967.2503,461.6401,462.27410000000003,461.7563,3.9409,29.8194,5.189409629774033,0.10286569577806066,240.21301038000016,-1251.0277151399887,29.8194,-28.8194,84.29390000000001,24.35008403099157
,595.3368,409.76,836.5157,552.3576,961.8638000000001,960.3876,641.8088,648.554,239.9264,956.2616,959.1553,3.01,1621.1563,981.8823,540.39,74.8,929.8233,979.4805000000001,8.4341,10.4909,491.7104,959.417,461.671,462.3236,461.797,3.9274,32.6728,5.478074866310161,0.1127553475935829,270.2327810500006,-1185.7225119999864,32.6728,-31.672800000000002,83.2341,26.152669128638383
,599.4359,392.7417,837.0596,552.2002,962.6798,961.5591,644.3411,650.8047,240.2185,960.2202,959.2420999999999,2.955,1619.1685,981.7319,537.97,73.2,930.9413,980.7306000000001,8.2303,10.3555,491.40840000000003,960.9253,461.665,462.31980000000004,461.7919,3.9229,32.4276,5.365323770491803,0.11243579234972677,261.2173765500004,384.1406567700158,32.4276,-31.427599999999998,81.4303,25.973645482332742
,581.4513000000001,309.7066,839.8887,542.3385000000001,952.8297,951.1889,619.8856000000001,626.5006000000001,240.774,948.1014,948.7959000000001,3.1889,1502.5156000000002,943.5525,521.73,72.2067,930.431,966.7541,6.8088,8.3307,482.06870000000004,950.229,461.7085,462.30010000000004,461.7942,3.9144,31.0614,4.289167071753729,0.09429595868527436,152.50826855999975,-215.09123370001913,31.0614,-30.0614,79.0155,25.79442174079769
,583.4473,328.0846,840.4181000000001,564.3351,958.3797999999999,956.9216,637.4454000000001,644.0371,239.4693,951.6605999999999,955.3414,2.9233,1582.382,969.3353,526.9300000000001,72.94,929.5213,974.3298,6.846,8.4867,488.5285,955.5758000000001,461.6865,462.2964,461.79830000000004,3.9344,32.801,4.498006580751303,0.09385796545105567,197.56529099999955,-1207.6137956800296,32.801,-31.801000000000002,79.786,27.25785593963854
,607.7845,394.4918,841.4682,561.1174,966.0828,964.3791,651.2137,657.9005,240.8636,960.9147,963.982,2.9971,1626.295,987.3398,539.79,73.3333,936.1529,982.5653,7.6114,9.2491,489.5999,963.8396,461.6535,462.2892,461.7687,3.913,30.7367,5.379436081561856,0.1037918653599388,227.8084408599998,-1210.0246981399732,30.7367,-29.7367,80.9447,25.050259297149783
,602.9072,388.171,832.1215,566.488,957.2223,955.537,645.2231,652.0082,240.5194,954.0566,954.7395,2.985,1623.5,983.1959999999999,538.63,73.14,925.2957,973.8146999999999,8.535,10.5199,491.5966,955.3889,461.6873,462.35490000000004,461.8176,3.9183,34.4059,5.307232704402516,0.11669401148482363,272.4935310000001,-265.0819759000069,34.4059,-33.4059,81.675,27.319598034894405
,627.7102,425.7052,847.5951,568.3863,981.6103,979.8106,658.6071,665.3559,239.3883,977.7907,979.9436000000001,3.0067,1630.2706,1017.0291,545.49,75.38,953.7563,998.7063,8.613,10.504,487.524,979.7888,461.5926,462.24780000000004,461.69390000000004,3.9357,25.8118,5.647455558503582,0.11426107720880871,239.90650200000036,-916.5007250800192,25.8118,-24.8118,83.993,20.620640417653853
,580.1872000000001,361.4705,840.2445,556.0198,955.6539,953.9695,629.7789,636.402,239.1193,950.098,952.8818,2.9617,1558.1209000000001,963.4842000000001,532.75,73.1467,928.4449,971.7949000000001,8.5401,10.4599,486.879,953.1508,461.69640000000004,462.2976,461.8032,3.9399,33.2323,4.941719858858979,0.1167530455919406,232.36758090000052,-1006.2615779000153,33.2323,-32.2323,81.68679999999999,26.388180381408016
,583.0308,434.2534,847.546,557.9227000000001,966.9219,965.3655,638.3343,644.868,239.0932,961.8638000000001,964.6938,2.9983,1618.3613,991.0669,545.25,73.7833,936.1113,984.5618,8.521,10.4678,490.4807,964.7112,461.65000000000003,462.2481,461.76890000000003,3.9403,31.7572,5.885524231092944,0.11548683780747135,262.5371226000002,-1228.9371219999684,31.7572,-30.7572,82.3043,25.285056960085928
,596.9799,429.8535,847.4042,557.1819,969.1096,967.7109,644.1884,651.086,240.2272,964.2829,967.0608,2.9583,1617.3718000000001,991.5241000000001,547.77,73.0133,937.3577,986.8884,8.4093,10.425,491.4219,967.0409999999999,461.6409,462.2491,461.7634,3.9227,30.2396,5.887331486181285,0.11517490648963956,267.0112526699998,-1194.0900376499706,30.2396,-29.2396,81.4226,24.096607310501014
,588.1597,382.8222,843.2212,559.3348,957.4075,955.8102,635.6422,642.2527,240.071,950.7230999999999,954.7569000000001,2.9658,1560.3343,963.0213,537.27,72.2417,930.1393,972.4489000000001,8.5455,10.4942,486.9382,954.6744,461.6902,462.2772,461.7955,3.9252,32.6808,5.299185927241469,0.11829040567982206,233.02040309999984,-1544.2281903600597,32.6808,-31.680799999999998,80.7872,25.872765400459475
,623.1337,372.926,860.9628,548.8944,976.1875,974.6429,657.9937,664.6082,250.6182,974.405,973.4731999999999,8.0179,1419.3942,997.4445000000001,534.89,73.3967,956.3708,989.6605,6.6825,7.8078,479.48670000000004,974.6772000000001,461.61170000000004,462.1619,461.68330000000003,3.7691,25.3188,5.080964130539929,0.09104632769593184,132.4250977499998,347.4924468000248,25.3188,-24.3188,80.0792,21.17660999310682
,626.0584,391.6598,857.9861000000001,546.51,976.1932999999999,974.4762000000001,660.1603,666.9839,249.8487,974.0752,972.8714,7.9475,1430.2445,999.4528,537.05,74.3033,955.5479,989.5969,6.9801,8.4618,480.3154,974.404,461.6128,462.1806,461.6866,3.7801,25.9747,5.271095631015043,0.09394064597400116,144.10695653999917,471.48006724000044,25.9747,-24.9747,81.2834,21.599490462259205
,607.1597,363.7818,841.5550000000001,542.0977,962.7666,961.6193000000001,648.892,655.4936,249.6606,959.8035,959.19,3.0933,1556.9491,961.9043,531.71,72.7367,936.5765,978.7108000000001,8.0307,9.7963,485.8601,960.8448000000001,461.6653,462.28860000000003,461.7668,3.7828,31.5129,5.001351449818317,0.11040781338718968,210.32483607000023,223.18013429997484,31.5129,-30.5129,80.7674,25.34567668886209
,599.2739,422.9454,839.6978,546.5332000000001,962.4888000000001,961.316,648.554,655.2435,249.5015,959.9771000000001,959.5257,3.0342,1590.7584000000002,981.6333999999999,543.21,73.3283,931.2504,979.5383999999999,8.1517,9.9591,490.90840000000003,960.8269,461.66540000000003,462.3014,461.7905,3.785,33.3457,5.767833155821149,0.11116717556523198,254.64606528000056,190.91755356001485,33.3457,-32.3457,81.48,26.77357695900834
,600.1909,439.0613,838.1993,544.4497,962.5814,961.1007,649.1003000000001,655.7619,250.5863,959.8787,960.4285,3.0408,1590.6976,983.9368,549.51,74.0933,931.1184000000001,979.3879999999999,8.1338,9.941,491.13300000000004,960.9973,461.66470000000004,462.3118,461.79110000000003,3.7696,33.7138,5.925789511332334,0.109777807170149,255.91374939999974,-241.3959027400021,33.7138,-32.7138,82.22710000000001,27.142866416303136
,604.9872,417.478,842.9088,551.3112,960.7236,959.1396,651.1095,657.8693000000001,250.4186,955.4629,958.4492,3.075,1567.5822,972.8251,542.15,73.1583,932.8822,976.6100000000001,8.2656,9.901,487.51140000000004,958.4439,461.67490000000004,462.27930000000003,461.7832,3.772,32.9326,5.706502201390683,0.11298239570903096,230.12587584000016,-1246.714551400012,32.9326,-31.9326,81.4239,26.347926493572526
,602.7626,370.2212,842.6600000000001,553.1215,957.0429,955.5995,646.6189,653.2742000000001,249.9065,951.0992,954.7048,2.98,1542.2622000000001,955.6539,534.85,72.54,931.5246,971.9685999999999,8.3956,10.0292,485.1882,954.6116,461.6904,462.281,461.7893,3.7793,33.5385,5.103683484973807,0.11573752412462089,214.24143948000057,-1334.8695587199932,33.5385,-32.5385,80.93560000000001,26.68421015474031
,604.695,478.1691,846.7273,556.2976,968.2125000000001,966.4606,650.4498,657.0409,250.0425,960.8799,965.3767,2.9758,1589.63,987.3977,556.8013,73.87,936.7327,985.1985,8.6493,10.4663,491.1498,965.2324000000001,461.648,462.2536,461.7662,3.7773,31.7152,6.473116285366183,0.11708812779206713,272.2782341400006,-2150.2308088800037,31.7152,-30.7152,82.5193,25.171527686735104
,599.6413,405.956,843.7246,557.4273000000001,957.1644,955.5185,644.6143,651.2267,250.0772,954.5254,954.8495,2.9817,1544.1458,960.7931000000001,540.03,73.1567,930.7469000000001,972.0147999999999,8.707,10.5137,486.08750000000003,955.5144,461.6868,462.2738,461.7928,3.7768,33.6992,5.549129471394965,0.11901849044585118,230.0171724999992,-131.5703396000179,33.6992,-32.6992,81.8637,26.637084938012816
,605.4153,405.9271,845.0206000000001,557.4181,958.5997,956.7873,647.8642,654.5844,250.0772,952.0889,955.7755,3.0061,1550.3608000000002,960.9899,540.19,73.4333,933.1600000000001,973.4617000000001,8.6742,10.4085,485.10970000000003,955.8128,461.6855,462.26500000000004,461.78200000000004,3.7768,32.9508,5.527834102512076,0.11812352161757678,220.66904573999918,-1496.4908468599995,32.9508,-31.9508,82.1075,26.094307490545933
,589.6264,402.2069,838.8068000000001,556.6264,950.3179,948.7855999999999,637.4200000000001,643.9146000000001,249.9239,944.7042,947.4069,2.8883,1536.9499,955.4977,541.2683,73.2767,923.6048000000001,965.3362,8.8219,10.5279,486.3831,947.8036999999999,461.71860000000004,462.30760000000004,461.82550000000003,3.779,36.2368,5.488878456589885,0.12039161152180705,235.66029688999944,-1087.0445886299744,36.2368,-35.2368,82.0986,28.55660871975893
,610.1855,456.9793,846.8661999999999,557.8903,966.7772,964.8283,654.7785,661.4953,250.4793,960.4285,963.7736,2.9483,1574.101,981.211,549.91,74.07,936.6598,983.2538999999999,8.6689,10.4445,489.7874,963.9519,461.653,462.2527,461.7665,3.7711,31.5886,6.169559875793169,0.1170365870122857,261.0847288599998,-1528.641456430001,31.5886,-30.5886,82.7389,25.074035157102646
,610.443,478.0736,846.6666,557.006,966.9046000000001,965.0228,654.6002000000001,661.3677,250.3491,961.6033,964.5086,2.985,1580.9845,977.1829,557.01,74.4167,936.6355000000001,983.7457999999999,8.7592,10.5116,489.9391,964.5098,461.6508,462.254,461.76660000000004,3.7729,31.7365,6.424278421375846,0.11770476250626538,265.13310071999985,-1388.9472300800053,31.7365,-30.7365,83.17590000000001,25.157508950910056
,582.7999,369.6249,832.8726,552.0003,945.6225,944.2141,632.1068,638.7729,250.8308,939.427,941.8163,2.9861,1533.582,949.226,533.4764,72.2957,918.2927,960.9415,8.7127,10.478,486.9998,942.77,461.74,462.34950000000003,461.85040000000004,3.7661,38.2699,5.1126816670977675,0.12051477473764,238.1163484599998,-883.1447735699759,38.2699,-37.2699,81.0084,30.14536457577239
,607.8076,492.2484,836.1599,546.6628000000001,955.9664,954.2335,653.5563,660.3492,254.59,949.8376000000001,953.6746,3.05,1596.6175,976.0023000000001,558.29,75.1367,924.9729,972.7093,8.5931,10.5088,490.66360000000003,953.428,461.69530000000003,462.3261,461.8191,3.7135,33.0723,6.551371034394643,0.11436621517846804,266.3302448500003,-1888.7571107999947,33.0723,-32.0723,83.72980000000001,26.386579237977397
,620.9873,390.1989,839.5936,540.505,958.4087,956.8012,662.2228,668.9507,249.3569,951.7475,955.2546,3.13,1556.2806,961.8175,538.13,74.6367,936.3369,973.3922,5.6876,6.9019,481.7418,955.553,461.6866,462.3021,461.7679,3.7871,31.9808,5.227976317280908,0.07620379786351754,125.53556967999965,-1368.4665621900142,31.9808,-30.9808,80.32430000000001,27.52261740569168
,594.2201,322.082,831.2103,539.2272,936.7581,935.1253,643.2231,649.9607,249.8834,928.9683,930.8724,4.8333,1463.585,926.5261,523.65,72.0567,917.3169,950.1443,5.6615,6.9663,479.1112,932.931,461.783,462.36150000000004,461.8551,3.7796,38.9281,4.469841111236012,0.07857007051391474,110.06635379999989,-613.2763361999907,38.9281,-37.9281,77.71820000000001,33.32939369568518
,615.1293000000001,348.9215,839.1019,539.2318,952.5692,950.9365,657.4798000000001,664.1081,249.6462,945.6939,948.8364,3.5433,1511.8902,946.6256000000001,529.39,73.1011,931.292,967.4544000000001,5.622,6.9254,480.9472,949.509,461.7115,462.3055,461.7903,3.783,33.4695,4.7731361087589645,0.0769071874431438,119.62041839999996,-1096.4858137500141,33.4695,-32.4695,78.7231,28.760474847281163
,596.6212,327.8792,832.46,539.2087,938.5522000000001,937.2924,645.1999000000001,651.7737,249.5218,931.2601,932.9558,4.3192,1457.2746,926.5029,525.1067,72.8917,918.9905,952.3783000000001,5.6972,7.0034,479.2318,935.0151000000001,461.7737,462.3525,461.8471,3.7848,38.0865,4.4981692017060935,0.07815979048369018,111.44691724000049,-555.9847594399961,38.0865,-37.0865,78.5889,32.63693122374789
,604.559,401.2523,838.4655,542.4357,952.604,951.0384,649.7531,656.5407,250.0251,948.0319,949.5019,3.4933,1516.2216,951.568,541.23,74.6967,930.7851,967.2923000000001,7.194,8.9622,481.4889,950.2941000000001,461.70820000000003,462.3099,461.7926,3.7776,33.7208,5.371754040004444,0.09630947551899882,156.9651665999999,-589.8408810000109,33.7208,-32.7208,81.89070000000001,27.883984947741318
,586.5687,342.404,833.1022,541.0653,944.1776,942.5968,638.7556,645.3656000000001,249.9615,937.9272000000001,940.4736,3.8,1491.7175,940.8787,528.99,72.57,921.5112,958.7965,7.3026,8.9605,482.3364,941.2938,461.7463,462.34790000000004,461.83520000000004,3.7785,37.1608,4.7182582334297924,0.10062835882596115,165.52365263999965,-871.8975455999824,37.1608,-36.1608,79.87259999999999,30.457145478173995
,587.8849,400.749,833.1311000000001,541.6116,943.4715,941.7146,632.3344,639.1372,249.6606,932.4292,939.675,2.9317,1508.2966000000001,937.7189000000001,539.11,73.1167,920.5946,957.5348,7.3874,8.9939,482.547,939.3226,461.7548,462.34770000000003,461.8396,3.7828,37.5225,5.480950316411983,0.10103574149270961,169.00081105999985,-2903.747104199967,37.5225,-36.5225,80.5041,30.72781459888379
,597.2258,408.7215,833.0501,541.7597000000001,946.1279,944.5879,643.4592,650.2733000000001,249.9673,943.3094000000001,943.6567,2.9017,1535.2313000000001,948.4718,543.4300000000001,73.59,922.966,960.5558000000001,7.5018,9.0153,482.8319,944.4205,461.73290000000003,462.3482,461.8284,3.7784,37.8462,5.554035874439461,0.10194048104362005,173.7559414199996,-141.94897694996104,37.8462,-36.8462,81.0918,30.93640830318232
,601.105,411.9007,823.3419,541.2227,934.2869000000001,932.7915,641.6722,648.4107,249.1023,924.7551000000001,931.0228,3.065,1509.8851,929.8712,541.39,69.9033,911.9248,947.4995,7.3284,8.9136,482.0322,930.7141,461.79290000000003,462.41970000000003,461.8811,3.7908,41.2297,5.892435693307754,0.10483625236576814,163.87841364000042,-2581.670017389949,41.2297,-40.2297,77.2317,33.500139897606815
,594.4313,433.0963,816.3557000000001,541.6162,926.0341000000001,924.3777,639.4547,646.1184000000001,249.8226,917.3473,923.7134000000001,3.27,1497.3682000000001,937.8057,547.13,70.5367,901.8558,939.6229000000001,7.3858,9.0395,483.8484,922.8681,461.82890000000003,462.47360000000003,461.9315,3.7805,45.5674,6.140013638290422,0.10470861267964053,178.57608814000025,-2757.134355430032,45.5674,-44.5674,77.9225,37.024070334755685
,585.2004000000001,417.4028,813.2981,542.6765,921.5547,919.9901,634.1122,640.8017,249.7966,912.7868000000001,918.8057,3.2178,1491.1706000000001,932.7128,543.19,70.7517,897.2622,935.2881,7.3523,8.936,483.96250000000003,918.2843,461.8505,462.49780000000004,461.9552,3.7808,47.5367,5.89954446324258,0.10391693768488955,178.60574775000012,-2512.3057129199656,47.5367,-46.5367,78.104,38.681124628444124
,585.8657000000001,361.8321,815.2536,542.0468000000001,917.2257,915.8087,636.1121,642.6773000000001,250.3376,913.1341,913.9154000000001,5.0883,1429.5935,905.3906,531.41,69.5933,897.3143,930.5367,5.7857,7.0164,479.58140000000003,915.021,461.8661,462.4823,461.95500000000004,3.7731,47.9844,5.199237570283347,0.08313587658582076,115.20138697999977,-282.6994197300366,47.9844,-46.9844,75.379,40.69508883694398
,585.8744,373.9934,829.6482000000001,542.0422,930.3226,929.0129,636.5334,642.8518,249.6606,925.9184,925.3454,5.42,1413.023,919.859,534.4300000000001,69.78,911.7199,943.3615,5.4493,6.6114,478.2726,927.6498,461.8068,462.3729,461.88210000000004,3.7828,42.3269,5.3596073373459445,0.07809257666953281,101.37169310999953,214.2982181999922,42.3269,-41.3269,75.2293,36.267363990227224
,579.5652,360.5968,831.3868,539.9772,933.9513,932.6271,630.4456,637.1392000000001,250.3578,929.0204,929.2750000000001,5.6317,1421.8855,920.0557,531.51,71.3933,914.4733,947.5227,5.6363,6.7726,479.148,931.2184,461.7907,462.3602,461.8688,3.7728,40.1429,5.050849309388976,0.07894718411951823,109.78385139999973,-91.80794528003456,40.1429,-39.1429,77.0296,34.34151255231754
,579.9702,383.8145,823.2262000000001,541.0838,923.4009000000001,921.6572,630.8784,637.4257,249.9065,920.3567,919.014,5.8683,1418.4828,908.6546000000001,536.11,72.92,904.1508,936.1562,5.7874,6.7341,478.9201,921.1072,461.8371,462.42060000000004,461.9198,3.7793,42.3706,5.263501097092704,0.07936642896324739,111.4080287400005,515.347729150014,42.3706,-41.3706,78.7074,36.213061815788606
,584.9776,362.83,821.5599,542.0468000000001,920.6170999999999,919.2516,635.2186,641.8802000000001,249.9962,915.9815000000001,916.6644,6.2367,1390.6541,902.2596000000001,532.13,69.5,902.6474000000001,933.0889,5.1166,6.1093,477.6397,918.1286,461.8512,462.43330000000003,461.9275,3.778,45.2644,5.220575539568345,0.07362014388489209,91.94376701999936,-247.7766069999652,45.2644,-44.2644,74.6166,39.12524251922495
,605.1694,370.1344,812.7947,541.4032,915.9757,914.6719,647.5101,654.2119,250.7483,910.8075,912.9025,5.6417,1393.7356,905.379,534.07,70.0133,897.4532,928.8931,4.9448,5.9078,478.1925,913.5894000000001,461.873,462.50190000000003,461.9542,3.7673,47.7862,5.286629826047337,0.07062658094961957,91.59005799999962,-775.4315680000102,47.7862,-46.7862,74.9581,41.54749326223583
,618.187,351.2878,837.3546,540.1161,946.0585000000001,944.4027000000001,656.0007,662.4175,248.3907,938.9689000000001,941.7583999999999,5.4517,1443.2473,937.7999,530.8100000000001,69.1067,926.3686,960.3012,5.0887,5.8813,479.3598,942.7971,461.7398,462.3177,461.8127,3.801,36.9685,5.083266890185756,0.07363540727599495,100.19599413000041,-979.9173180999514,36.9685,-35.9685,74.1954,31.966107508012627
,599.4156,376.0618,810.4342,540.0513,910.5587,909.1614999999999,643.4338,650.2056,250.3231,901.5535,906.9879000000001,5.6483,1392.8242,903.2897,534.41,69.22,891.6896,923.2793,5.0187,5.9409,478.5391,907.0654,461.90520000000004,462.52090000000004,461.98470000000003,3.7733,50.628,5.432848887604739,0.0725036116729269,94.69835217000002,-2043.6702459200362,50.628,-49.628,74.2387,43.85047308748671
,604.1714,351.3225,811.3859,539.5281,915.6226,914.1139000000001,646.8897,653.6571,249.7908,908.1917000000001,910.9928,5.6333,1402.4766,906.0503,530.13,68.5933,896.4428,928.6500000000001,5.1963,6.021,478.8498,912.2302,461.8797,462.51320000000004,461.9595,3.7809,48.6803,5.121819477995664,0.07575521224376142,99.66399473999999,-984.0894547499669,48.6803,-47.6803,73.7896,41.89453905563928
,584.3412000000001,377.5284,817.672,537.5465,933.6156000000001,932.2127,634.0011,640.5204,250.2016,929.2461000000001,929.9290000000001,4.5133,1487.0302000000001,944.3396,534.8917,69.2067,906.0639,949.4556,8.4353,10.0483,487.2217,931.2508,461.7905,462.4633,461.91020000000003,3.775,43.503,5.455084551062252,0.12188559778171766,232.4068550100008,-257.8141443600067,43.503,-42.503,77.642,34.159005618093296
,579.8313,427.9645,817.9467999999999,536.1714000000001,932.6086,930.8605,629.89,636.4358,250.0743,927.2610999999999,929.8596,4.4167,1480.0687,940.3695,545.75,69.11,904.6821,947.9046000000001,8.3947,10.0922,487.5965,930.1474000000001,461.7955,462.4611,461.9171,3.7769,45.3048,6.1925119374909565,0.12146867312979309,234.43458955000028,-1112.065753250025,45.3048,-44.3048,77.5047,35.59899236355989
,579.8313,380.1811,820.0152,536.6391,934.7788,933.5092,629.346,635.9409,250.2074,927.2668,931.156,4.0542,1503.7048,938.1007999999999,536.63,69.2733,907.182,950.1096,8.4431,10.0966,487.2669,931.6777,461.78860000000003,462.4451,461.9046,3.775,43.6849,5.488133234593992,0.12188101331970613,233.00254208000024,-1478.6003341199848,43.6849,-42.6849,77.71640000000001,34.30169570360954
,579.6607,383.0508,820.0499,535.8705,936.9723,935.2619,629.0127,635.597,249.9355,930.0448,933.0773,4.0633,1504.5990000000002,941.2028,535.77,68.7111,908.9005999999999,952.1120000000001,8.494,10.091,487.74170000000004,933.8391,461.779,462.44480000000004,461.896,3.7788,42.7736,5.574802324515253,0.12361903680773557,238.44101980000065,-1161.6015510000104,42.7736,-41.7736,77.2051,33.47183215305724
,591.3736,424.1459,811.4669,537.5604000000001,928.1118,926.4475,636.6584,643.4926,250.3376,921.5779,925.3859,3.9992,1498.3665,937.9793,545.1700000000001,69.41,899.6614,944.0734,8.8473,10.6273,488.12030000000004,925.3808,461.8173,462.5125,461.94280000000003,3.7731,46.8331,6.110731883013975,0.12746434231378764,251.70922392000054,-1615.147587199997,46.8331,-45.8331,78.2573,36.35681636562978
,583.9362,358.3723,822.7055,536.477,932.3366000000001,930.9137000000001,633.4455,639.8744,250.757,928.9394,928.4185,3.8967,1484.9643,932.5101999999999,532.11,68.3733,908.8555,947.4185,7.1211,8.5326,483.15110000000004,930.1521,461.7955,462.4246,461.8963,3.7671,43.2496,5.241407098969919,0.10415030428544476,167.2112612100006,186.676131069994,43.2496,-42.2496,75.4944,35.184785217446596
,584.2747,328.0123,815.835,535.2547,931.127,929.6473000000001,632.3529,639.1841000000001,250.8901,926.3872,925.6059,3.5817,1498.731,924.4889000000001,525.09,61.1367,902.0745,945.5201999999999,7.1953,8.5149,488.7225,928.1918000000001,461.80440000000004,462.4777,461.9304,3.7653,43.3947,5.36522743294944,0.11769199188049077,209.04145325000005,256.2760099899959,43.3947,-42.3947,68.332,34.36115100655623
,591.796,416.0056,830.6028,538.2595,942.8927,941.1613,639.0473,645.5531000000001,251.0347,940.9482,939.6170999999999,3.5433,1516.1783,942.9043,544.35,70.62,919.0807,957.3091,7.0463,8.5521,483.482,941.1548,461.74690000000004,462.3659,461.8467,3.7632,38.5154,5.890761823845936,0.0997776833758142,167.78649560000008,553.7450541600441,38.5154,-37.5154,77.6663,31.61748126252957
,606.7373,340.7782,822.1095,537.4539,939.675,937.5656,648.1235,655.1523,250.245,937.3774000000001,934.8309,3.6217,1526.9156,937.9735000000001,529.05,68.2433,915.7128,954.8379,6.8948,8.5047,483.6322,937.3622,461.7634,462.4291,461.8628,3.7744,39.7456,4.993577391480189,0.10103262884415026,165.21457655999959,867.7916863000128,39.7456,-38.7456,75.13810000000001,32.54311383439293
,583.9652,394.8245,828.8845,537.5049,943.8998,942.2402999999999,636.1029,642.646,251.3124,936.191,939.4666,3.5317,1520.4229,944.5248,539.77,69.1867,918.2230999999999,958.8775,7.2448,8.5134,485.3466,940.4494,461.75,462.37850000000003,461.8508,3.7593,38.7442,5.70665315732648,0.10471376724139177,186.02255616000068,-1293.2871321999764,38.7442,-37.7442,76.4315,31.494006554627354
,590.6475,367.4875,830.7764,551.251,941.7931000000001,939.9481000000001,639.2579000000001,645.7719,250.1524,938.6217,936.9896,3.1233,1496.8909,933.222,533.23,68.8433,920.1987,955.3819000000001,6.3271,7.4561,481.2644,939.3380999999999,461.7548,462.3646,461.8414,3.7757,40.982,5.3380285372723275,0.09190582090050883,136.6299282400004,599.7763487500135,40.982,-39.982,75.1704,34.16725211519427
,587.9485,358.0801,831.5575,540.6439,939.0962,937.3873000000001,634.4455,640.7705000000001,249.9384,934.6631,934.7731,5.1683,1462.6737,925.8894,532.61,70.93,919.6328000000001,952.5866000000001,6.3376,7.4869,479.1334,936.4799,461.76730000000003,462.35900000000004,461.8441,3.7788,37.9706,5.0483589454391655,0.08935006344283096,123.35124383999914,-39.388811000004885,37.9706,-36.9706,77.2676,31.823814683515476
,611.3195000000001,458.822,809.1469,545.5285,920.0094,918.7908,645.7462,651.9066,238.6448,917.5903000000001,916.5255,1.8583,1537.7137,923.534,556.77,70.9067,896.7275,934.1306999999999,6.2541,7.4429,482.9519,918.229,461.8507,462.5314,461.958,3.9473,40.786,6.470784848258345,0.0882018201382944,145.60733079000042,488.5536656000481,40.786,-39.786,77.1608,34.25541263957865
,602.2737,280.0611,814.1831999999999,550.2602,933.2857,931.7334000000001,644.318,650.8073,240.395,931.7868000000001,930.8955000000001,3.0158,1542.9392,939.0557,516.9267,70.1,906.8313,948.767,7.1992,8.5259,486.1245,931.9253,461.7875,462.49080000000004,461.9063,3.9202,42.4414,3.995165477888731,0.10269900142653353,190.45051647999975,249.61845843000032,42.4414,-41.4414,77.2992,34.629041608710054
,624.1694,342.6701,821.7595,559.2515000000001,954.4559,952.5966000000001,654.1118,660.6175000000001,240.34,951.7069,952.1815,2.9933,1554.0933,962.2342000000001,526.55,71.4778,929.9518,970.7416000000001,7.737,9.1108,484.17420000000004,952.7352000000001,461.6981,462.43170000000003,461.7964,3.921,34.0883,4.7940773219097395,0.10824339864965066,189.58822169999996,-162.63122946000323,34.0883,-33.0883,79.2148,27.527084744769915
,616.8795,336.4188,812.7166,560.4229,940.4273000000001,938.3806,650.7785,657.3665,239.8974,934.9467,937.4642,3.0133,1547.5223,945.4045000000001,525.01,70.78,912.0637,956.5278000000001,7.6716,9.0508,488.03360000000004,937.8047,461.7615,462.5025,461.88050000000004,3.9278,39.3857,4.753020627295846,0.10838654987284543,217.59419376000014,-846.9343290000137,39.3857,-38.3857,78.4516,31.780615180315
,616.0955,289.1416,801.5301,573.456,925.6001,924.1253,649.2925,656.0093,239.7615,922.7180000000001,923.5629,3.0433,1533.3389,934.8714,515.4300000000001,70.6867,900.8697,940.6183000000001,6.4208,7.5371,484.4003,924.0016,461.8236,462.59520000000003,461.9365,3.9299,43.5044,4.09046680634405,0.09083462659878025,158.7889523200002,-244.29573783998225,43.5044,-42.5044,77.1075,36.34238199863826
,617.1803,217.9931,824.4093,541.3430000000001,936.9723,935.2735,667.563,674.8248,230.4958,931.2138,933.4709,5.7162,1424.9409,930.4788000000001,503.17,69.53,921.841,949.12,5.2841,6.4414,474.8013,934.2326,461.7772,462.4117,461.8337,4.0784,35.1528,3.1352380267510425,0.07599741118941464,79.95530233000005,-492.032226010008,35.1528,-34.1528,74.8141,30.25776389103124
,623.4404,293.5966,826.2462,550.0102,948.9406,947.0468000000001,652.5563,659.2603,240.1896,947.5110999999999,946.4635000000001,2.5472,1556.1591,962.0548,518.23,71.0117,928.7644,962.3962,7.2041,8.5476,479.8462,947.4905,461.7199,462.3979,461.8018,3.9233,33.7628,4.13448206422322,0.10144947945197763,145.35136241999996,307.5717981599633,33.7628,-32.7628,78.2158,27.63543091395856
,611.5972,299.5991,824.6147000000001,552.2928,942.3719000000001,940.7237,647.9615,654.4933,240.2185,940.4273000000001,940.2132,3.9817,1519.5896,950.8099,517.9300000000001,71.1917,919.9765,955.5729,7.322,8.8385,482.0654,940.934,461.7479,462.4101,461.84250000000003,3.9229,37.294,4.208343107412802,0.10284906807956545,163.9791188000008,64.14416731000911,37.294,-36.294,78.5137,30.43135900868256
,606.2658,280.1913,822.4798000000001,554.8346,937.6320000000001,935.6926000000001,645.2231,651.5549,239.7991,935.184,933.7082,3.9483,1517.9229,941.8915,515.0500000000001,71.8867,914.3483,950.3411000000001,7.2855,8.6209,482.9537,935.5542,461.7714,462.4263,461.86940000000004,3.9293,38.2859,3.8976792647318628,0.1013469807349621,169.63339635000048,413.50632053998197,38.2859,-37.2859,79.1722,31.331712180285507
,600.1562,248.1535,838.0749000000001,546.7415,945.5145,943.8494000000001,640.7787000000001,647.6345,240.5715,943.1069,942.1578,3.6417,1504.2257,940.9366,510.39,71.1283,926.0249,958.0499,7.1262,8.5847,479.1596,943.6571,461.7362,462.3127,461.8143,3.9175,34.2881,3.4888152816811315,0.10018797018908086,138.88678751999996,235.52248685001092,34.2881,-33.2881,78.2545,28.1343131067223
,607.4779,281.3484,847.9104,552.7465,958.6518000000001,956.609,648.5378000000001,655.0559000000001,239.9264,956.36,954.7684,3.5067,1534.4934,961.1346000000001,517.1700000000001,70.1833,939.3194000000001,971.9165,7.101,8.6088,479.0023,956.5973,461.68240000000003,462.2457,461.7549,3.9274,29.0263,4.00876561803164,0.10117791554401118,137.27937240000006,447.794113439992,29.0263,-28.0263,77.2843,23.784219621449633
,586.7827,261.1682,842.8249000000001,555.8856000000001,948.1708000000001,946.6046,633.9200000000001,640.7366,240.4933,946.2147,944.3917,3.5658,1510.1281000000001,944.6926000000001,512.27,72.23,928.0387000000001,961.0362,7.0732,8.5655,479.8022,946.3454,461.7248,462.2799,461.80510000000004,3.9187,33.262,3.6157856846185794,0.09792606950020766,142.39836972000026,476.10962859999455,33.262,-32.262,79.3032,27.41779249261064
,589.4065,233.7849,838.7779,555.0614,941.3996,939.8833,637.332,644.1621,239.7817,939.3856000000001,937.5915,3.9033,1484.3826000000001,935.1377,507.57,70.53,923.7264,954.1145,5.9817,7.0183,477.3432,939.565,461.7538,462.30780000000004,461.8249,3.9296,34.4477,3.314687367077839,0.08481071884304552,105.7157804399997,419.4334890900167,34.4477,-33.4477,76.5117,29.139624056320798
,590.0256,222.1906,844.7168,546.1211000000001,946.8802000000001,944.8774000000001,636.9015,643.675,239.2089,944.056,941.6311000000001,4.5467,1469.9736,935.236,505.29,70.445,930.4275,957.4538,5.9181,6.9441,476.12280000000004,944.3612,461.7332,462.2671,461.7942,3.9385,32.956,3.154100361984527,0.08401022073958408,97.3687238700003,538.7899859399954,32.956,-31.956000000000003,76.36309999999999,27.925354214273653
,587.3063,217.0356,839.7036,545.5563,939.5361,937.8527,634.1469,640.6663,238.5378,938.0255999999999,936.3704,5.0311,1431.3034,928.3085000000001,503.59000000000003,71.24,923.2021,951.2902,5.8648,7.0057,476.004,937.9462000000001,461.7608,462.3013,461.82730000000004,3.9489,34.8528,3.046541268950028,0.08232453677709152,95.79564320000034,359.23732511998315,34.8528,-33.8528,77.1048,29.626865909255976
,587.9833,234.1494,839.0209,550.3575000000001,937.8924,936.5492,633.9362,640.3172,239.9553,936.3993,934.6284,4.3383,1460.1477,927.3652,505.41,70.5083,919.9071,950.3585,5.9104,6.9974,477.6554,936.3673,461.7678,462.3061,461.8428,3.9269,36.0404,3.320877116594784,0.08382559216432675,106.30031711999963,414.6551724599961,36.0404,-35.0404,76.4187,30.542845601403844
,600.4773,246.1343,839.0556,565.5898,941.7295,940.0523000000001,642.8527,649.5074,240.0623,940.219,939.3509,3.4433,1499.9984000000002,940.6936000000001,509.73,72.27,923.5076,953.9987000000001,5.9946,6.8903,477.8918,940.3379,461.7504,462.30580000000003,461.8259,3.9253,34.5999,3.4057603431576036,0.08294728102947281,109.23300174000003,213.66918583000657,34.5999,-33.5999,78.2646,29.376203449068925
,587.5522,209.7891,832.3241,546.3526,931.318,929.4899,636.3505,643.4223,241.4104,929.5992,928.0944,5.8542,1419.8369,919.8127,500.85,70.4967,914.7302,942.2735,6.0549,7.0031,476.25780000000003,929.6254,461.7979,462.3535,461.8675,3.9046,38.6039,2.975871210992855,0.08588912672508074,100.4374702200001,315.69063768000956,38.6039,-37.6039,76.55160000000001,32.576193090934744
,612.5634,236.2525,841.4682,582.3177000000001,944.0618,942.6963000000001,647.8364,654.2901,250.0772,942.7886000000001,941.7005,3.5367,1499.5296,941.1681000000001,509.07,72.8133,926.5074999999999,955.7755,6.2181,7.0449,477.2243,942.8118,461.7398,462.2892,461.81210000000004,3.7768,34.9535,3.244633878700732,0.085397860006345,109.15439283000006,257.0663452500128,34.9535,-33.9535,79.03139999999999,29.53197619174151
,600.1649,263.2655,844.1238000000001,564.687,946.0699999999999,944.5995,645.443,651.8935,250.0627,944.6174000000001,943.2979,3.6508,1490.7367000000002,943.3152,510.53000000000003,71.6833,928.2088,958.3971,6.1347,7.0405,477.5312,944.6462,461.732,462.2711,461.8043,3.777,34.8497,3.672619703612975,0.08558060245552311,109.57310363999963,347.37882725001623,34.8497,-33.8497,77.818,29.43385521884397
,593.0746,231.8873,859.4614,547.6814,961.1172,959.781,635.5381,641.4582,250.3578,957.2223,957.6505999999999,4.7372,1454.0628,944.2586,506.27000000000004,71.1961,944.6143,972.7729999999999,6.3166,7.0371,476.1729,958.9428,461.6729,462.17130000000003,461.7321,3.7728,31.9906,3.2570225054462254,0.08872115186084631,104.24221814000043,-99.3173305899819,31.9906,-30.9906,77.5127,26.85818882196079
,618.7627,221.612,840.4268,547.9175,942.8407,941.4484,689.0811,695.2944,248.7639,940.8208999999999,938.8185000000001,4.5533,1428.7428,928.7311,503.36830000000003,70.74,925.8999,954.2939,6.2194,6.8879,476.61080000000004,940.9821,461.7477,462.29630000000003,461.8149,3.7956,35.1437,3.132767882386203,0.08791914051456037,105.3616115199998,443.75586879996723,35.1437,-34.1437,76.95939999999999,29.544305311891726
,605.6409,213.8738,843.5684,570.1734,944.7447,943.2682,644.5541000000001,651.2267,249.785,940.9482,941.6195,4.96,1449.254,934.7673,503.45000000000005,75.2533,929.2539,956.3195000000001,5.9802,7.0431,475.1608,942.6451999999999,461.7405,462.2749,461.7995,3.781,34.1002,2.8420521093427134,0.07946761138714183,92.63808215999953,-143.5734819399944,34.1002,-33.1002,81.23349999999999,29.153080497824174
,602.4413,258.1886,859.7223,585.6755,968.5406,966.5532000000001,639.5403,645.9056,250.1228,965.5498,966.7882999999999,3.1433,1521.9726,963.172,513.29,77.0233,953.8871,979.0718999999999,6.8231,7.9604,474.3235,966.858,461.6417,462.16970000000003,461.6934,3.7762,26.5295,3.352084369275271,0.08858488275625687,99.98229585000006,-319.76658109998215,26.5295,-25.5295,83.8464,22.29313728317495
,593.7431,291.6468,862.3063999999999,554.2506000000001,968.2125000000001,966.6181,643.4407,649.7651000000001,245.0978,967.9836,966.0737,4.0967,1508.6057,974.2067999999999,515.7133,76.985,952.4001000000001,979.26,6.9512,8.0527,475.48240000000004,967.222,461.6402,462.15360000000004,461.6995,3.8492,26.5479,3.7883587711891926,0.09029291420406572,109.91515488000017,557.0162233199981,26.5479,-25.5479,83.9362,22.233571677297753
,599.0002,285.8583,857.6521,553.8573,963.1516,961.4642,648.3457000000001,654.5885000000001,245.1602,961.8139,961.1069,4.13,1521.3929,969.5655,518.69,77.3967,947.8827,974.3389999999999,7.0591,8.0606,474.9389,961.8841,461.6612,462.1827,461.7183,3.8483,27.8677,3.693417161196795,0.09120673103633618,107.78469199000021,202.10181809999818,27.8677,-26.8677,84.4558,23.292731056007998
,588.2660000000001,263.5692,844.8061,556.4314,945.2884,943.6039000000001,634.5844,640.8978,225.071,943.8693000000001,943.4548,4.0617,1482.055,949.8661,510.37,76.3925,929.0467000000001,956.2596000000001,6.9309,7.9927,475.9117,944.0541000000001,461.7345,462.2665,461.8005,4.1707,31.1238,3.450197336125929,0.09072749288215466,112.56959852999947,109.2494334000235,31.1238,-30.1238,83.32339999999999,26.029180831315095
,588.6202000000001,289.3991,849.1853000000001,558.1997,956.2291,954.4048,639.3505,646.4142,229.2662,954.7456,954.501,3.5844,1533.9891,969.4892,515.3100000000001,77.0267,937.6846,967.6683,6.8277,7.8544,478.21450000000004,954.9701,461.689,462.2373,461.762,4.099,32.2378,3.7571270741184546,0.08864069212364024,126.6162826499998,70.78701985999747,32.2378,-31.2378,83.8544,27.069408667881472
,591.9729,247.2307,846.3139,557.5948000000001,948.7217,947.1672000000001,637.7741,644.1062000000001,224.7963,946.8448000000001,946.9007,3.4833,1486.4305000000002,948.8412000000001,510.95000000000005,83.5933,931.0177,959.9726,6.812,7.9291,477.374,947.4086,461.7203,462.25640000000004,461.7916,4.1755,30.7453,2.9575420518151576,0.08148978446837248,120.59964800000044,-13.820196129987993,30.7453,-29.7453,90.4053,26.187359622610618
,593.6236,249.5131,845.4046000000001,557.5327,947.3407,945.8174,638.6399,645.0408,225.1842,945.7749,946.0628,3.4025,1491.3057000000001,952.413,509.61,81.23,929.4101,958.5561,6.8039,7.967,477.6007,946.2489,461.72520000000003,462.2625,461.7988,4.1687,30.8765,3.0716865690016,0.08376092576634248,121.9980093399994,-71.83482149000899,30.8765,-29.8765,88.0339,26.181066346600574
,596.1338000000001,251.2777,845.5228999999999,557.8248,947.5963,945.9308000000001,639.6676,646.4524,224.9438,946.3718,945.8377,3.5175,1502.3228000000001,951.2369,512.21,82.3622,928.9887,958.6247000000001,6.7336,7.9266,478.2776,946.4341,461.7244,462.2617,461.8007,4.1729,31.2063,3.050886207507813,0.08175595115234902,125.29613536000032,134.20741956999163,31.2063,-30.2063,89.0958,26.564915295446028
,601.2535,292.9109,841.2832000000001,556.9416,942.8876,940.9877,641.744,648.5506,225.2109,941.5067,941.5143,3.5367,1510.8088,948.9429,516.39,82.2767,924.8652,953.953,6.9139,7.9903,477.6924,941.7241,461.7445,462.2905,461.81960000000004,4.1683,32.2763,3.5600710772308566,0.084032295899082,124.60507136000042,-2.2261228400072994,32.2763,-31.2763,89.1906,27.34981311528345
,594.3306,264.8941,833.6392000000001,555.9687,934.2408,932.7012,637.126,643.8342,225.235,932.8981,932.7963,3.4817,1498.5958,939.3221000000001,510.83000000000004,79.7133,914.8212000000001,945.5037,6.8755,8.0824,479.0896,933.1591000000001,461.78200000000004,462.344,461.8671,4.1679,36.0323,3.323085357148681,0.08625285868230269,133.51945979999962,26.96621938000679,36.0323,-35.0323,86.5888,30.389484101177054
,578.7603,206.4074,849.7156,555.5616,945.2757,943.7012,632.4478,638.9894,224.2304,943.1369,943.1267,5.8067,1415.7717,935.3776,501.47,74.4633,929.7902,955.7332,5.3883,6.4037,475.15540000000004,943.8101,461.7355,462.23380000000003,461.7971,4.1854,31.269,2.7719346308852817,0.0723618211924532,83.44051965000001,2.10535547998776,31.269,-30.269,79.8516,27.116482011631575
,592.2031,241.1905,851.2683,555.3477,947.2721,945.697,643.4453,650.0945,244.9713,945.3265,945.2858,5.585,1442.1641,945.1205,506.87,75.98,931.8359,957.5973,5.7274,6.4924,475.1061,945.8953,461.7267,462.22360000000003,461.78790000000004,3.8511,31.6002,3.1743945775204,0.07538036325348776,88.40929187999993,9.816453350003684,31.6002,-30.6002,81.7074,27.240171765592834
,596.0321,308.0172,840.4515,577.0436,946.3081999999999,944.4351,640.0357,646.6152,225.4729,944.5441000000001,944.3881,3.9833,1510.1049,948.2893,519.94,77.3367,927.7063,958.0246,6.4798,7.4902,478.2719,944.9189,461.7308,462.2962,461.8066,4.1637,31.6657,3.9828076450120062,0.0837868696233483,120.53659161999927,48.05068320001933,31.6657,-30.6657,83.81649999999999,26.846899337600593
,589.8149000000001,218.7684,839.3159,574.4561,938.4828,936.8687,633.7788,640.2263,225.1212,936.4381000000001,935.9931,5.4008,1434.2332000000001,932.1351,504.1633,74.4592,923.1949999999999,949.2684,5.5664,6.4204,474.9578,936.9457,461.7652,462.30400000000003,461.8274,4.1698,33.2634,2.938097642735888,0.07475771966392333,85.09800992000034,97.35193800001095,33.2634,-32.2634,80.0256,28.705503782789506
,588.7505,213.2836,840.3917,573.7983,938.4218000000001,936.6928,630.7789,636.5334,225.2223,936.4669,936.3593000000001,5.7706,1421.2364,931.5095,502.57,75.4867,923.4956999999999,947.9892,5.5645,6.4393,474.59610000000004,936.9852000000001,461.7651,462.2966,461.826,4.1681,33.0152,2.825446071957047,0.0737149723063798,83.05628345000073,22.949315359985917,33.0152,-32.0152,81.0512,28.550594160728036
,587.3377,230.0301,844.4674,571.432,945.0581999999999,943.5669,631.1122,637.4134,225.2376,943.2615000000001,943.0478,5.34,1432.8599,940.1639,505.315,74.3867,930.3566000000001,955.7128,5.5901,6.4232,474.3716,943.7336,461.73580000000004,462.2688,461.7946,4.1678,30.6151,3.092355219414223,0.07514918661534924,82.18341415999927,49.15743237000393,30.6151,-29.6151,79.9768,26.405218621650278
,593.6541,230.1198,844.6951,575.5348,945.3316,943.5298,637.1121,644.0727,225.4709,944.0659,943.3479,5.065,1439.7799,939.6578,505.29,74.9167,930.4054000000001,955.5399,5.5307,6.4609,474.5962,944.0688,461.7344,462.2672,461.7943,4.1638,30.6245,3.0716756077082943,0.0738246612571029,82.55233433999935,165.22601640001716,30.6245,-29.6245,80.4474,26.48242524929333
,595.2093,257.0055,830.619,586.4805,929.6746,927.5103,637.7788,644.5723,224.9438,927.6362,927.1098,3.415,1487.4681,922.1379,510.91,74.8333,911.3328,940.8862,5.6123,6.3713,478.0118,927.9827,461.8053,462.36580000000004,461.884,4.1729,37.3363,3.4343734674269344,0.07499736080060616,102.9396841400002,135.2876952000207,37.3363,-36.3363,80.4456,32.19651941560508
,580.2456,207.2579,832.3917,576.7655,926.2629,924.7134000000001,605.8812,613.8799,225.6821,924.4216,923.8774000000001,5.0706,1443.3429,919.3175,501.36330000000004,74.4033,907.2154,936.3415,5.9096,6.3765,478.71750000000003,924.8188,461.81980000000004,462.353,461.9044,4.1601,38.3952,2.7856009074866304,0.0794265845735337,112.56310599999941,112.78974917998602,38.3952,-37.3952,80.3129,32.818375506799036
,608.3177000000001,216.6856,844.7536,588.4838,943.2962,941.7309,643.4338,650.1415,225.2223,941.1913,941.1036,5.0467,1432.528,936.3695,502.11670000000004,75.1833,928.9902,953.5003,5.5835,6.4703,473.976,941.8305,461.744,462.2668,461.8007,4.1681,30.8035,2.882097487074922,0.07426516260924966,79.87755100000022,19.003327119984196,30.8035,-29.8035,80.7668,26.613669717012435
,602.9665,206.1413,840.1183000000001,588.6333,936.3135,934.7062000000001,640.1097,646.8492,224.7874,934.2408,934.5358,4.8933,1419.9813,924.5327,500.07,75.0267,922.2179000000001,946.8295,5.6104,6.4764,473.7656,934.9491,461.774,462.2985,461.8319,4.1757,33.4861,2.7475725308456855,0.07477871211182152,79.0819542399993,-60.81168349999157,33.4861,-32.4861,80.6371,28.896023833074352
,600.4893,212.0484,839.8054999999999,589.3325,936.0821000000001,934.69,638.6676,645.0548,225.2999,934.1883,933.5669,5.0483,1431.685,930.1336,501.1467,74.6367,921.7370000000001,946.7965,5.5145,6.4464,474.01500000000004,934.6318,461.7754,462.30060000000003,461.8342,4.1667,33.6691,2.841074163246767,0.07388456349222298,79.10605395000002,131.76687575999875,33.6691,-32.6691,80.1512,29.104951192496188
,592.7251,251.3095,833.2728999999999,586.0642,932.0741,930.4206,638.5611,645.3851,224.7404,930.7771,930.4184,3.2383,1509.9943,937.9742,509.65000000000003,74.97,913.0701,942.9105,5.6129,6.4418,478.6739,930.9225,461.79200000000003,462.3466,461.8756,4.1765,36.6612,3.352134187008137,0.07486861411231159,106.66755160000011,90.14471764999973,36.6612,-35.6612,80.5829,31.623674681849376
,590.8526,197.2343,830.4549,582.7614,926.4282000000001,924.8013000000001,633.5265,640.075,224.6946,923.8342,923.4642,4.8167,1422.5601,921.9764,499.2667,74.0083,910.9557,937.252,5.6959,6.4594,475.14250000000004,924.6320000000001,461.8207,462.367,461.8859,4.1773,38.0614,2.665029462911592,0.0769629892863368,88.12981275000047,72.9766910000009,38.0614,-37.0614,79.7042,32.69290051666035
,591.5851,197.4947,829.2519,583.3364,925.4974,923.7039,634.9733,641.5692,225.0443,922.9339,922.6262,5.2617,1414.5949,920.9248,499.65000000000003,74.3033,910.0306,936.1762,5.4715,6.3476,475.1369,923.6904,461.8251,462.3758,461.8904,4.1712,37.8471,2.6579532806752866,0.07363737545977098,84.62659619999957,60.76911918999098,37.8471,-36.8471,79.7748,32.72406220736372
,592.5528,217.7848,832.2442000000001,582.6142,929.859,928.2419,635.1191,641.7396,225.0875,928.1254,927.7507,5.455,1424.6926,922.5194,501.95000000000005,74.56,914.922,940.6598,5.6408,6.4127,474.607,928.4942000000001,461.803,462.35400000000004,461.8666,4.1704,36.9011,2.9209334763948496,0.07565450643776823,84.25662960000007,81.60396455999164,36.9011,-35.9011,80.2008,31.780669159409882
,591.4375,197.4716,818.4975,583.6975,912.8795,911.706,632.2117000000001,638.7817,225.0697,911.1362,910.9861000000001,6.0717,1403.0819,913.6259,499.1,73.35,897.0905,924.0148,5.693,6.4317,475.459,911.6768999999999,461.8824,462.4569,461.9561,4.1707,43.7621,2.692182685753238,0.07761417859577369,89.88677699999992,29.640487159990553,43.7621,-42.7621,79.04299999999999,37.53027339169819
,595.0338,212.4563,814.1827000000001,588.6793,907.3977,905.6237000000001,633.8645,640.501,223.8337,905.1877,904.9105,6.58,1400.919,912.0237,501.53000000000003,73.7183,890.1320000000001,918.1896,5.5597,6.3402,476.9357,905.7799,461.9116,462.49080000000004,461.9931,4.1924,44.0626,2.8820021622853482,0.07541817974641304,95.99211228999958,58.892886359998606,44.0626,-43.0626,79.278,37.95258241075708
,591.0179,202.5253,813.6104,587.1793,905.0224000000001,903.7668,632.7788,638.5019,225.4945,902.9599000000001,902.3706999999999,6.5908,1397.0546,906.6627000000001,501.0811,73.9767,887.5183,916.2034,5.4799,6.5863,477.17400000000004,903.5299,461.923,462.49530000000004,462.00730000000004,4.1634,47.4158,2.737690380890199,0.07407602664082069,95.92071759000059,119.32790676002409,47.4158,-46.4158,79.4566,40.94449635952205
,592.0187000000001,180.9797,815.7087,584.9606,905.7065,904.3572,633.0011,639.0513000000001,224.6653,903.5871999999999,903.452,7.3367,1362.9221,902.6852,496.11,73.5011,890.8409,915.8079,5.4538,6.3602,474.53560000000004,904.2757,461.9192,462.4787,461.9893,4.1778,45.7207,2.4622719932082653,0.07420025006428477,81.07400927999986,24.46845543998927,45.7207,-44.7207,78.9549,39.47347142621928
,591.14,184.4221,813.4197,583.6285,904.356,902.7898,632.2812,638.6274000000001,224.8688,901.9833000000001,901.5535,6.475,1374.044,899.0078000000001,496.7667,73.49,888.7946,915.1442,5.5476,6.3923,475.2314,902.6706,461.9273,462.49690000000004,462.00030000000004,4.1742,47.2427,2.509485644305348,0.07548782147230916,86.32842264000027,79.264618580021,47.2427,-46.2427,79.0376,40.68101790135328
,591.056,194.0956,818.6933,583.8171,910.7725,909.0318,632.2187,638.6800000000001,224.9038,908.6031,908.8651,6.9967,1383.2338,906.0116,499.4133,74.1722,895.1272,921.1588,5.5322,6.4475,475.3152,909.3181,461.894,462.4553,461.9664,4.1736,45.0156,2.6168240931238387,0.07458589606348469,86.5529286600001,-50.85304719998905,45.0156,-44.0156,79.7044,38.836036454700114
,591.0147,225.6996,842.7939,582.6234000000001,942.6434,940.5987,635.001,641.3149000000001,225.0723,939.6807,939.2941000000001,5.955,1433.352,938.788,505.49,73.4733,926.7872,953.2460000000001,5.69,6.5221,475.5262,940.5542,461.7495,462.2801,461.81080000000003,4.1707,31.0176,3.0718587568545312,0.07744309837723365,90.22177800000034,87.25546535998427,31.0176,-30.0176,79.16329999999999,26.630588746047728
,608.4321,236.05,826.734,591.8694,927.298,925.2135000000001,644.9893,651.5264,225.799,924.9227000000001,924.8693000000001,6.0617,1433.1499000000001,930.6422,506.46000000000004,74.12,910.1588,938.5439,5.7075,6.3464,476.80920000000003,925.5759,461.81640000000004,462.39430000000004,461.88980000000004,4.1581,38.1245,3.1847004856988668,0.07700350782514839,97.82198399999976,12.605070000002492,38.1245,-37.1245,79.8275,32.744353214744294
,589.8403000000001,206.3496,828.3872,581.4431,924.8820000000001,922.8333,633.8876,640.4196,224.6628,922.1455000000001,922.1379,6.0608,1402.5784,906.8624,500.105,73.48,908.9008,935.2937,5.5228,6.3972,475.65110000000004,922.9997000000001,461.8283,462.38210000000004,461.896,4.1778,40.1241,2.808241698421339,0.07516058791507893,88.26097136000033,1.5682569600286016,40.1241,-39.1241,79.00280000000001,34.58414497359587
,598.2702,286.0001,826.2228,585.8595,930.2506000000001,928.3530000000001,639.4454000000001,645.6284,225.0723,927.6617,928.0609,6.055,1446.0628,932.715,515.6233,74.57,909.1481,942.8406,6.343,7.4504,480.7724,928.5816,461.80260000000004,462.3981,461.89480000000003,4.1707,37.6231,3.8353238567788654,0.08506101649456888,133.8531575000005,-114.1712399199859,37.6231,-36.6231,80.913,31.802729397006658
,590.349,215.2941,821.5074999999999,580.3694,922.6134999999999,920.7195,633.8321000000001,639.9177,225.085,920.111,919.8489999999999,5.9725,1421.9993,911.5201999999999,503.79330000000004,73.5133,905.0735,933.561,6.2661,7.4436,477.21000000000004,920.8232,461.8385,462.43370000000004,461.9152,4.1705,40.8039,2.9286414839219566,0.08523763727107883,109.90739399999977,56.40705420001233,40.8039,-39.8039,79.7794,34.472735118088124
,593.6286,241.367,818.1579,583.7757,919.1726,917.1794,638.3158000000001,644.4915,224.4644,916.1131,916.0737,5.68,1457.343,941.0844999999999,508.75,74.28,899.1141,929.9022,5.6556,6.432,479.7284,917.1347000000001,461.856,462.4595,461.9456,4.1813,42.2749,3.249421109316101,0.07613893376413569,113.44285259999988,9.50985980000013,42.2749,-41.2749,79.9356,36.36358828306787
,589.8302,234.8553,817.0762,583.0627000000001,913.5191,911.6342,635.4455,641.5616,224.9604,910.7903,910.8157,5.5933,1414.427,901.9782,505.35670000000005,73.5233,894.8837000000001,924.6022,5.312,6.1837,478.3053,911.6898,461.88230000000004,462.46790000000004,461.96770000000004,4.1726,44.6285,3.194297590015682,0.07224920535394902,98.99124479999942,-5.965324619997778,44.6285,-43.6285,78.8353,38.68165659355644
,589.9961000000001,207.5645,819.469,582.3957,914.4651,912.5047999999999,633.4571000000001,639.7156,225.0824,911.4100000000001,911.0929000000001,6.085,1390.3941,908.6514,499.695,72.7533,898.3958,924.9608000000001,5.3994,6.1482,475.7393,912.3682,461.879,462.4493,461.9493,4.1705,43.0842,2.852990860895657,0.07421519023879329,86.76457841999999,65.81870294999631,43.0842,-42.0842,78.1527,37.20010055161242
,590.9798000000001,230.6694,815.8265,582.7246,914.4677,912.2524000000001,636.5450000000001,643.1194,224.2495,911.9932,911.4439,5.7,1428.2212,914.5998999999999,505.49,72.9233,894.9799,925.917,5.1263,5.847,479.1578,912.5393,461.8781,462.4778,461.9672,4.1851,44.3923,3.1631782982942354,0.0702971478251807,99.90030913999996,126.70670142000381,44.3923,-43.3923,78.0496,38.62660491661712
,590.349,187.1819,818.2647,581.8736,914.8187,912.7317,634.4154,640.5686000000001,225.2223,911.749,911.3344999999999,6.4367,1384.2752,908.771,497.57,72.45,898.6722,925.2710999999999,5.1554,5.8818,475.8165,912.6585,461.87760000000003,462.4587,461.9479,4.1681,43.1091,2.5836011042098,0.07115804002760524,83.24166610000032,77.58689755001669,43.1091,-42.1091,77.6054,37.44797450770179
,590.6618000000001,187.8356,815.7595,580.3506,914.6813,912.8706,635.2209,641.5018,225.071,912.011,912.0237,6.795,1396.017,913.3818,498.54,70.27,897.8951,926.2044000000001,5.2153,5.9938,476.4562,912.8966,461.8764,462.4783,461.9519,4.1707,43.4364,2.673055357905223,0.07421801622313932,87.54506886000004,-2.385512119999112,43.4364,-42.4364,75.4853,37.50342478707775
,599.7326,227.2154,814.3048,586.4483,914.6991,912.8011,640.2093,646.5211,225.4105,912.0237,911.5787,4.5283,1455.9964,915.6566,503.83000000000004,72.9333,895.2555,925.7339,4.9636,5.8935,479.1137,912.7757,461.877,462.4898,461.9658,4.1648,44.436,3.115386250176531,0.06805670386503831,96.51025296000029,101.11085299998553,44.436,-43.436,77.8969,38.836785407378215
,599.7568,222.7865,811.2299,585.0315,914.9026,913.0095,639.6676,645.9726,224.2546,912.139,911.9321,4.5917,1451.3997,909.3966,505.0367,71.7567,894.5463,926.7766,5.0528,5.9413,480.0262,912.9958,461.8759,462.5145,461.96950000000004,4.185,44.7115,3.1047484067689846,0.07041572424595892,102.85631264000017,46.09452685000417,44.7115,-43.7115,76.8095,38.89472298153223
,606.2576,234.4098,798.8744,583.2904,905.8057,903.5862,644.8689,651.1016,225.8302,902.8251,902.8479,4.1033,1467.7955,905.1953000000001,505.7833,73.1967,884.9627,917.0058,4.9838,5.9433,480.51300000000003,903.7662,461.9218,462.6181,462.0213,4.1576,49.2542,3.202464045510248,0.06808776898412086,103.8773433999998,-5.344543439990875,49.2542,-48.2542,78.18050000000001,43.03829751894654
,601.6312,214.137,797.0152,582.6786,902.6089,900.6574,642.1120000000001,648.6651,224.514,900.0454,899.7809,4.81,1451.3425,901.5026,503.05,73.8467,882.6391000000001,913.9451,4.9611,5.8903,479.63980000000004,900.7731,461.937,462.6343,462.0342,4.1804,51.011,2.8997504289291194,0.06718106564003537,99.07217477999926,56.63923649999961,51.011,-50.011,78.8078,44.651474112968515
,595.8324,219.8676,779.3530000000001,583.0029,880.4476999999999,878.6875,635.8783000000001,641.9647,225.3571,878.2894,878.965,4.5717,1432.8562,886.4038,503.2089,73.8867,859.9864,892.1183000000001,5.2774,5.934,480.13120000000004,879.0974,462.05420000000004,462.79810000000003,462.168,4.1657,64.2496,2.975739882820589,0.07142557456213364,107.98246461999967,-148.54255056000687,64.2496,-63.2496,79.1641,55.749986184141555
,599.1744,223.4113,778.117,583.7895,883.9267,882.1836000000001,639.0241,645.2265,230.0852,881.4192,882.0804,3.9983,1460.2957000000001,896.6985999999999,503.67,73.5483,862.5008,895.5287000000001,5.0894,5.9073,481.09590000000003,882.4025,462.0356,462.8102,462.1524,4.0853,64.3135,3.0376133778754917,0.06919806440121662,109.04497545999979,-147.7195515600018,64.3135,-63.313500000000005,78.6377,56.05353240430481
,589.2834,174.7428,789.3776,579.2953,885.3331000000001,883.5889,629.6678,635.9688,229.2319,882.0550000000001,881.7803,7.31,1349.7784,883.0112,494.18,72.36,869.0472,895.4092,5.5644,6.4219,475.95590000000004,883.1893,462.0312,462.70300000000003,462.1127,4.0996,61.3798,2.414908789386401,0.07689883913764511,90.62126196000047,48.001847160009184,61.3798,-60.3798,77.9244,52.68523041409366
,587.7688,186.7045,807.0372,579.3505,903.6389,901.7130999999999,631.9895,638.3112,230.0242,900.4929999999999,899.9335000000001,6.9433,1355.7943,881.1242,496.62,71.9233,886.5367,914.0989,5.6204,6.4461,476.7722,901.4446,461.9336,462.5488,462.0127,4.0863,50.3487,2.595883392447232,0.07814435655761068,96.12120488000022,104.4611677499708,50.3487,-49.3487,77.5437,43.12259050354832
,588.0168,182.5534,812.6020000000001,579.6081,907.694,906.2951,633.0589,639.0725,230.2073,903.1353,903.616,7.0067,1372.8958,898.8374,496.2967,72.9067,891.5609,918.3842,5.3942,6.4059,475.803,905.1851,461.9146,462.5034,461.9854,4.0832,47.8131,2.5039317374123367,0.07398771306340843,87.02516802000007,-87.753419379992,47.8131,-46.8131,78.3009,41.294239449993555
,586.7019,213.7436,824.3687,578.3224,922.0184,920.0318,632.8761,639.2039,229.2128,918.5088000000001,916.5098,6.38,1397.1805,914.7983,501.33000000000004,71.6267,905.5223000000001,933.3202,5.4996,6.4832,476.166,919.2672,461.8458,462.41200000000003,461.91290000000004,4.0999,41.1565,2.9841330118517253,0.07678142368697706,90.72195155999975,427.27345640000505,41.1565,-40.1565,77.1263,35.358361429888376
,589.4105,241.581,813.6219000000001,577.8601,919.4549,917.3692000000001,633.4432,639.7901,228.8288,916.5098,915.1034999999999,4.5658,1461.0395,910.6326,506.935,71.7933,899.4874,930.9449,6.7149,8.0841,479.63750000000005,917.1094,461.8561,462.4952,461.94370000000004,4.1064,43.422,3.3649518826965745,0.09353101194679726,134.0797657499998,339.7353603000244,43.422,-42.422,78.5082,36.07966027497765
,589.3368,236.1426,813.0445,577.1977,918.318,916.7788,632.9154,639.0882,230.3891,914.7831,914.0074,5.5711,1440.2338,916.7515000000001,506.13,71.32,899.2370000000001,930.6015,6.5093,7.7253,478.75100000000003,915.9718,461.86150000000004,462.4999,461.945,4.0802,43.8887,3.3110291643297813,0.09126892877173304,124.20395329999937,183.17581482000682,43.8887,-42.8887,77.82929999999999,36.631020310988276
,586.4933,193.708,821.1794,576.6549,919.8592000000001,917.6424,633.4200000000001,639.8143,228.5287,916.5098,913.9311,7.1058,1383.6344,911.2608,497.1356,71.6,903.8842,930.3065,5.3403,6.4135,475.64500000000004,916.9856,461.8567,462.43620000000004,461.9212,4.1114,42.0116,2.705418994413408,0.07458519553072626,85.31129250000073,499.51481960000507,42.0116,-41.0116,76.9403,36.24909589019018
,589.9723,191.0987,821.5533,578.7755,920.6794,918.895,635.001,641.3479,230.0585,917.2347,915.6121,5.9267,1408.1441,909.9027000000001,498.70000000000005,72.1967,904.2544,932.2419,5.4929,6.3789,476.095,918.1052999999999,461.85130000000004,462.43330000000003,461.9193,4.0857,41.2867,2.646917379880244,0.07608242481997099,90.22088249999975,310.0767506199848,41.2867,-40.2867,77.68960000000001,35.51920307814688
,588.0905,204.99,821.0115000000001,577.1839,920.7366,919.0965,634.3089,640.5391,229.6821,918.2214,917.1659999999999,8.0217,1380.9335,921.3241,499.80330000000004,71.8811,904.6048000000001,928.5874,5.5777,6.4708,475.8018,918.8051,461.848,462.4375,461.9175,4.092,41.268,2.8517927521977264,0.07759619705318922,89.97834085999936,216.3464460000158,41.268,-40.268,77.4588,35.39670652269336
,585.2636,209.98,823.003,577.3725000000001,920.8562,919.24,631.8969,638.1586,229.9421,918.0993000000001,917.2843,8.1983,1371.1219,921.4996000000001,501.0333,72.2567,904.5437,932.2419,5.5687,6.4081,475.98240000000004,918.8699,461.84770000000003,462.4223,461.9178,4.0877,41.2811,2.906028091512621,0.07706828570914531,90.83941875,171.13370000001146,41.2811,-40.2811,77.8254,35.44501790932009
,598.2155,278.4846,835.1359,581.2388,940.4792,939.5614,642.3342,647.8283,229.8156,938.3328,937.3638000000001,6.005,1453.4825,946.0869,513.7967,72.985,919.4775999999999,952.3329,5.5179,6.4399,480.6717,938.9343,461.7565,462.33340000000004,461.8448,4.0898,34.5282,3.8156415701856545,0.07560320613824759,115.88472864000029,269.85157739998255,34.5282,-33.5282,78.5029,29.74457532422369
,584.8236,257.9138,824.9537,579.5851,927.1632,925.8131000000001,636.6445,642.4988000000001,229.649,924.7726,924.2958000000001,6.0542,1438.521,932.0359000000001,511.97,73.12,906.3177000000001,938.8516,5.6314,6.455,480.51550000000003,925.5112,461.8167,462.4076,461.9089,4.0926,40.5895,3.527267505470459,0.07701586433260393,117.38934869999945,122.97329983997729,40.5895,-39.5895,78.7514,34.856014365458904
,590.7165,229.0812,825.8489999999999,582.4758,926.9827,925.8525,638.1098,643.8951,230.0795,924.5513000000001,923.7096,6.025,1420.3704,926.7995000000001,506.75,73.0267,907.9802,938.6507,5.3545,6.4016,478.67240000000004,925.274,461.8177,462.40090000000004,461.9006,4.0854,39.5276,3.1369512794635384,0.07332249711406923,101.74888625000028,192.8176460400137,39.5276,-38.5276,78.3812,34.19537022551326
,590.4838,212.6385,801.2664,581.1054,928.0101,926.6999000000001,634.4339,640.4349,229.7393,925.0982,924.2106,6.1983,1402.4487,922.2447,501.5833,72.2767,911.5969,938.6990000000001,5.559,6.447,476.0831,926.0047,461.81440000000003,462.5974,461.8827,4.0911,38.8507,2.9420062067028514,0.0769127533492813,91.24097879999978,188.7379326000043,38.8507,-37.8507,77.8357,33.37271133156123
,588.6373,225.1412,809.5665,578.5304,939.4365,938.1351999999999,635.8876,642.0346,230.5049,936.9264000000001,935.7082,5.7817,1417.4598,932.6539,505.3267,72.1567,922.1981000000001,950.9062,5.6342,6.436,476.9085,937.5516,461.7626,462.528,461.832,4.0783,34.2653,3.1201704069060807,0.07808283915422962,97.12459327999974,274.26700984000547,34.2653,-33.2653,77.7909,29.37422782420566
,590.2028,223.5965,805.6066000000001,580.0727,934.2078,932.7845,636.001,641.9278,230.6638,931.1297,929.8284,5.95,1404.4019,915.8664,504.49780000000004,72.55,917.2211,945.5486000000001,5.481,6.3575,476.6566,931.9876,461.78720000000004,462.5607,461.8555,4.0756,36.5717,3.0819641626464507,0.07554789800137836,93.10410270000023,290.9661254499931,36.5717,-35.5717,78.03099999999999,31.504252762363674
,588.1948,213.5613,803.165,579.3689,929.0502,927.6654000000001,634.3135,640.1793,230.5226,926.0824,923.8824999999999,6.2583,1402.3609000000001,919.4752000000001,501.37780000000004,72.225,912.3725,939.9579,5.4727,6.4175,476.3478,926.6701,461.8113,462.5813,461.879,4.078,38.1054,2.956888888888889,0.07577293181031498,91.2720487900004,469.81350387001504,38.1054,-37.1054,77.6977,32.80786680197741
,590.7191,217.4117,805.866,578.7525,934.3299,932.7081000000001,636.7788,642.851,225.642,931.0644,929.658,5.9867,1404.2493,921.7691,503.24670000000003,72.36,917.4532,945.6953000000001,5.4597,6.3291,476.5466,931.9401,461.7874,462.55850000000004,461.8544,4.1608,35.6298,3.0045840243228303,0.0754519071310116,92.14171898999953,305.7678148799918,35.6298,-34.6298,77.8197,30.700503971873452
